hh,campaign_id,status,budget,spent,impressions,clicks,views,checkout,purchase,rev
00,120249287169520455,ACTIVE,2014,13.27,305,9,10,1,0,0
00,120246828454030629,ACTIVE,683,10.67,195,4,4,1,0,0
00,120244480112510436,ACTIVE,350,9.06,214,1,4,1,1,68.22
00,120250586047790725,ACTIVE,1000,8.16,380,5,7,3,2,78.35
00,120246411234470686,ACTIVE,80,7.93,55,1,1,0,0,0
00,120250585951520725,ACTIVE,500,7.37,323,6,10,2,1,49.37
00,120248722531060455,ACTIVE,344,6.55,129,3,6,1,0,0
00,120247066173290752,ACTIVE,300,6.24,156,6,7,2,1,44.75
00,120247096426120177,ACTIVE,100,6.22,49,2,3,0,0,0
00,120249076026100642,ACTIVE,500,6.03,129,4,4,0,0,0
00,120244761352230455,ACTIVE,1200,5.92,203,5,5,0,0,0
00,120250036356910725,ACTIVE,100,5.92,77,1,2,0,0,0
00,120246852067690630,ACTIVE,405,5.55,73,2,3,1,1,29.979999999999997
00,120248166981820509,ACTIVE,500,5.3,164,6,7,0,0,0
00,120250509772850725,ACTIVE,100,5.03,206,6,6,0,0,0
00,120249610130740065,ACTIVE,415,4.84,112,2,4,1,0,0
00,120243276755660065,ACTIVE,500,4.38,129,3,4,0,0,0
00,120250946852160368,ACTIVE,400,4.37,82,3,3,1,1,69.57
00,120244794017770320,ACTIVE,360,4.32,93,2,3,0,0,0
00,120248502959590043,ACTIVE,700,4.3,84,3,5,0,0,0
00,120253357403430210,ACTIVE,608,4.25,92,0,0,0,0,0
00,120246299672740751,ACTIVE,510,4.12,82,2,4,0,0,0
00,120251597891310577,ACTIVE,100,3.74,63,0,1,1,1,28.98
00,120244349823030686,ACTIVE,246,3.64,51,2,2,1,0,0
00,120249563397690389,ACTIVE,113,3.64,119,9,7,0,0,0
00,120247547590960642,ACTIVE,360,3.57,54,2,2,0,0,0
00,120250865036060319,ACTIVE,100,3.54,55,0,0,0,0,0
00,120251097236710589,ACTIVE,96,3.52,20,0,1,0,0,0
00,120247325002770564,PAUSED,200,3.47,36,1,1,0,0,0
00,120248598576010303,ACTIVE,400,3.43,80,2,7,1,0,0
00,120248975012480303,ACTIVE,40,3.38,33,1,1,0,0,0
00,120246608238010179,ACTIVE,240,3.32,101,1,1,0,0,0
00,120245382821930146,ACTIVE,500,3.27,87,2,2,1,0,0
00,120247293642140642,ACTIVE,360,3.26,50,1,2,1,1,37.95
00,120246670033370677,ACTIVE,729,3.22,119,1,3,0,0,0
00,120243986668280589,ACTIVE,500,3.21,65,1,2,0,0,0
00,120244928009900146,ACTIVE,265,3.21,75,0,2,0,0,0
00,120249666979560695,ACTIVE,100,3.15,92,0,1,0,0,0
00,120247683741070320,ACTIVE,110,3.14,37,0,0,0,0,0
00,120250337858370100,ACTIVE,300,3,59,4,4,2,1,52.56
00,120247431629500707,ACTIVE,164,2.99,22,1,1,0,0,0
00,120250233675670431,ACTIVE,130,2.96,45,0,0,0,0,0
00,120248492410110561,ACTIVE,280,2.94,73,2,4,0,0,0
00,120247614409850674,ACTIVE,521,2.93,38,0,0,0,0,0
00,120248623149560090,ACTIVE,456,2.91,97,4,3,0,0,0
00,120250300134890725,ACTIVE,500,2.91,48,2,3,0,0,0
00,120250447195790100,ACTIVE,300,2.88,38,0,2,0,0,0
00,120248861015550389,ACTIVE,100,2.83,99,5,8,1,0,0
00,120248800044910751,ACTIVE,350,2.83,79,1,4,1,1,24.98
00,120244079033450320,ACTIVE,300,2.81,74,1,1,0,0,0
00,120245837898990436,ACTIVE,100,2.79,107,3,3,0,0,0
00,120249823132410048,ACTIVE,300,2.78,30,3,3,0,0,0
00,120246178929760752,ACTIVE,300,2.77,48,0,0,0,0,0
00,120245334049540065,ACTIVE,510,2.75,43,4,3,2,2,99.03
00,120246808388750320,ACTIVE,270,2.71,81,3,3,0,0,0
00,120247778100360674,ACTIVE,150,2.69,38,1,2,0,0,0
00,120248889381040455,ACTIVE,300,2.69,146,4,6,0,0,0
00,120241066464020065,ACTIVE,470,2.68,78,0,1,0,0,0
00,120249660368100389,ACTIVE,167,2.62,65,2,1,0,0,0
00,120244034916020436,ACTIVE,254,2.62,110,3,5,0,0,0
00,120247461310220752,ACTIVE,270,2.59,53,1,2,1,0,0
00,120250865036010319,ACTIVE,100,2.58,47,2,2,0,0,0
00,120245172037500146,ACTIVE,322,2.56,66,2,4,0,0,0
00,120245514271740065,ACTIVE,195,2.51,35,3,3,1,1,29.979999999999997
00,120250210018830100,ACTIVE,300,2.46,51,0,0,0,0,0
00,120245205078130630,ACTIVE,432,2.37,78,1,4,0,0,0
00,120247380152830677,ACTIVE,515,2.37,78,0,1,0,0,0
00,120248735036530642,ACTIVE,398,2.36,30,1,2,1,0,0
00,120242301213170065,ACTIVE,300,2.35,87,3,4,0,0,0
00,120248936176310206,ACTIVE,100,2.34,22,1,2,1,0,0
00,120247683740920320,ACTIVE,110,2.34,52,1,1,0,0,0
00,120245334049460065,ACTIVE,680,2.33,42,1,2,0,0,0
00,23858502721570799,ACTIVE,180,2.32,33,0,0,0,0,0
00,120246921246130533,ACTIVE,100,2.31,70,1,1,0,0,0
00,120249172433610425,ACTIVE,163,2.29,19,0,0,0,0,0
00,120251535653980577,ACTIVE,159,2.27,57,0,2,0,0,0
00,120246229820600436,ACTIVE,100,2.24,95,3,2,0,0,0
00,120247389999270241,ACTIVE,550,2.22,110,1,2,0,0,0
00,120251354404600722,ACTIVE,80,2.18,8,1,1,1,1,22.979999999999997
00,120247751879690032,ACTIVE,119,2.18,30,2,2,0,0,0
00,120242301213710065,ACTIVE,550,2.17,68,2,3,1,1,29.98
00,120246926406810630,ACTIVE,300,2.17,55,0,0,0,0,0
00,120246710213410090,ACTIVE,325,2.16,53,1,0,0,0,0
00,120258018661030586,ACTIVE,100,2.13,45,2,3,0,0,0
00,120248563890890642,ACTIVE,200,2.11,33,2,2,0,0,0
00,120247646194930320,ACTIVE,149,2.08,34,0,0,0,0,0
00,120246347471430686,ACTIVE,500,2.08,36,2,2,1,0,0
00,120244030391670490,ACTIVE,30,2.07,13,0,0,0,0,0
00,120259351556840586,ACTIVE,80,2.05,64,3,3,1,1,64.96
00,120247643776490241,ACTIVE,200,2.05,64,0,1,0,0,0
00,120248151966140006,ACTIVE,80,2.04,75,1,3,0,0,0
00,120251109241560577,ACTIVE,100,1.99,49,2,4,1,0,0
00,120245638609160175,ACTIVE,135,1.99,43,3,3,1,0,0
00,120250110334530116,ACTIVE,100,1.99,31,1,1,0,0,0
00,120250942814310577,ACTIVE,100,1.98,70,4,4,2,0,0
00,120246224052810436,ACTIVE,124,1.97,98,1,1,0,0,0
00,120249352658910425,ACTIVE,200,1.96,38,0,0,0,0,0
00,120249932722130725,ACTIVE,500,1.96,60,3,6,1,1,49.37
00,120248530207740214,ACTIVE,50,1.93,28,0,0,0,0,0
00,120248479510860214,ACTIVE,130,1.91,34,1,1,1,0,0
00,120248609231900509,ACTIVE,500,1.9,41,0,2,0,0,0
00,120258095185070586,ACTIVE,50,1.9,21,0,0,0,0,0
00,120247733868670674,ACTIVE,150,1.86,37,0,0,0,0,0
00,120250270342280100,ACTIVE,343,1.83,76,1,3,0,0,0
00,120247303210460752,ACTIVE,300,1.83,67,2,4,1,1,80.94
00,120248207800680629,ACTIVE,130,1.79,79,1,1,0,0,0
00,120246260582560436,ACTIVE,124,1.78,38,0,0,0,0,0
00,120258931690100586,ACTIVE,100,1.78,30,0,2,1,0,0
00,120250332385240019,ACTIVE,50,1.78,30,0,0,0,0,0
00,120242883956790544,ACTIVE,200,1.72,33,0,1,0,0,0
00,120246457840650686,ACTIVE,80,1.72,7,0,0,0,0,0
00,120248387124610175,ACTIVE,243,1.72,31,0,0,0,0,0
00,120250156416670100,ACTIVE,500,1.71,48,3,3,1,1,38.17
00,120247296233760320,ACTIVE,377,1.7,31,0,1,0,0,0
00,120250331984600019,ACTIVE,50,1.68,54,4,3,0,0,0
00,120246188701000686,ACTIVE,500,1.67,27,0,0,0,0,0
00,120246971854000474,ACTIVE,120,1.67,12,1,1,0,0,0
00,120239930892250650,ACTIVE,500,1.65,38,2,2,0,0,0
00,120249276093860168,ACTIVE,198,1.64,36,2,2,1,1,37.980000000000004
00,120250216921880100,ACTIVE,500,1.62,51,1,1,0,0,0
00,120250790045220586,ACTIVE,100,1.61,17,1,2,0,0,0
00,120246985309150320,ACTIVE,120,1.61,44,0,0,0,0,0
00,120248935062690126,ACTIVE,156,1.6,37,0,0,0,0,0
00,120253455567510054,ACTIVE,100,1.57,31,0,0,0,0,0
00,120246865117370320,ACTIVE,300,1.57,35,1,2,0,0,0
00,120245284052330686,ACTIVE,80,1.56,27,0,0,0,0,0
00,120248338624550629,ACTIVE,100,1.55,28,1,2,0,0,0
00,120248575303210167,ACTIVE,80,1.54,17,1,1,0,0,0
00,120249177863610455,ACTIVE,474,1.51,33,0,2,0,0,0
00,120249236967460564,ACTIVE,100,1.5,40,1,1,0,0,0
00,120245899907660065,ACTIVE,115,1.48,6,0,0,0,0,0
00,52523821661299,ACTIVE,100,1.48,20,0,2,1,1,66.02
00,120246058017990436,ACTIVE,209,1.48,73,2,3,0,0,0
00,120249863261790065,ACTIVE,120,1.47,26,0,0,0,0,0
00,120245400790120686,ACTIVE,500,1.47,27,0,1,1,1,71.21
00,120246162554840788,ACTIVE,100,1.46,53,3,2,1,0,0
00,120247791798810032,ACTIVE,78,1.44,28,1,0,0,0,0
00,120249263984640425,ACTIVE,220,1.43,18,2,3,0,0,0
00,120246411190320686,ACTIVE,80,1.41,12,0,0,0,0,0
00,120249141973900564,ACTIVE,200,1.4,54,0,1,0,0,0
00,120249684118680544,ACTIVE,90,1.39,31,2,3,0,0,0
00,120246485397990125,ACTIVE,300,1.36,37,3,4,1,0,0
00,120250202122840116,ACTIVE,100,1.35,18,0,0,0,0,0
00,120253323556200054,ACTIVE,184,1.31,25,3,4,0,0,0
00,23858502721490799,ACTIVE,280,1.28,15,0,1,0,0,0
00,23858457619370799,ACTIVE,300,1.27,19,1,1,0,0,0
00,120247116318000177,ACTIVE,100,1.27,17,0,0,0,0,0
00,120250356570030100,ACTIVE,50,1.27,3,0,0,0,0,0
00,120247653059200586,ACTIVE,25,1.27,15,0,0,0,0,0
00,120250722702450019,ACTIVE,50,1.26,29,0,0,0,0,0
00,120248416746740708,ACTIVE,215,1.26,41,1,0,0,0,0
00,120248574839520695,ACTIVE,400,1.26,34,0,0,0,0,0
00,120250092640150663,ACTIVE,120,1.25,5,1,1,0,0,0
00,120247584490890320,ACTIVE,100,1.25,36,2,1,0,0,0
00,120246180855910436,ACTIVE,184,1.24,42,0,1,0,0,0
00,120247759064590032,ACTIVE,100,1.23,25,1,2,0,0,0
00,120247866597170389,ACTIVE,100,1.23,25,1,1,0,0,0
00,120248416747190708,ACTIVE,195,1.23,8,1,1,1,1,29.94
00,120245380137820707,ACTIVE,200,1.22,18,1,1,0,0,0
00,120245327669090320,ACTIVE,120,1.22,16,0,0,0,0,0
00,120252301917290368,ACTIVE,50,1.21,20,1,1,0,0,0
00,120253485175620210,ACTIVE,109,1.21,17,0,0,0,0,0
00,120242031621370065,ACTIVE,229,1.18,27,0,0,0,0,0
00,120249405261240425,ACTIVE,170,1.18,21,0,1,1,1,69.67
00,120247426861210031,ACTIVE,80,1.16,23,0,1,0,0,0
00,120250586322820725,ACTIVE,100,1.16,55,2,4,1,0,0
00,120248613615540642,ACTIVE,360,1.16,36,1,1,0,0,0
00,120251097236590589,ACTIVE,96,1.16,10,0,0,0,0,0
00,120249537081420065,ACTIVE,200,1.15,36,1,1,0,0,0
00,120247392681010097,ACTIVE,441,1.15,34,0,0,0,0,0
00,120249843765220065,ACTIVE,626,1.15,43,1,1,0,0,0
00,120250374522140365,ACTIVE,60,1.14,5,0,0,0,0,0
00,120244813077130146,ACTIVE,100,1.14,6,0,0,0,0,0
00,120246927326310630,ACTIVE,300,1.12,21,0,0,0,0,0
00,120246408526110686,ACTIVE,311,1.1,37,0,3,1,0,0
00,120249325809440389,ACTIVE,100,1.09,40,0,1,0,0,0
00,120247105534220320,ACTIVE,100,1.09,29,2,1,0,0,0
00,120241119247090090,ACTIVE,145,1.09,20,0,0,0,0,0
00,120244761869100436,ACTIVE,100,1.08,64,0,0,1,0,0
00,120247756970630032,ACTIVE,100,1.07,21,1,1,0,0,0
00,120248646772830509,PAUSED,100,1.06,41,1,1,0,0,0
00,120249823132440048,ACTIVE,300,1.05,33,0,1,0,0,0
00,120249110988580455,ACTIVE,236,1.05,57,0,1,0,0,0
00,120249405049350425,ACTIVE,100,1.04,13,0,4,0,0,0
00,120250011342400589,ACTIVE,800,1.03,19,0,1,0,0,0
00,120250307526160100,ACTIVE,500,0.99,25,1,1,0,0,0
00,120245516609390788,ACTIVE,100,0.99,15,1,1,0,0,0
00,120247584490940320,ACTIVE,223,0.98,46,0,0,0,0,0
00,120249688832390544,ACTIVE,80,0.96,10,0,0,0,0,0
00,120246345569010686,ACTIVE,100,0.95,14,0,0,0,0,0
00,120247420555310752,ACTIVE,100,0.94,51,1,2,0,0,0
00,120250202122870116,ACTIVE,100,0.93,7,1,1,0,0,0
00,120247644108910241,ACTIVE,200,0.92,37,3,4,0,0,0
00,120248151966110006,ACTIVE,80,0.91,20,1,1,0,0,0
00,120250466943310577,ACTIVE,102,0.89,14,1,1,0,0,0
00,120249786479970065,ACTIVE,229,0.88,21,0,0,0,0,0
00,120246210137720125,ACTIVE,100,0.88,27,2,1,0,0,0
00,120248278827710629,ACTIVE,100,0.88,31,1,1,0,0,0
00,120247253400970320,ACTIVE,100,0.87,51,0,0,0,0,0
00,120248564195910090,ACTIVE,210,0.86,25,1,1,0,0,0
00,120248184540550090,ACTIVE,225,0.86,37,0,2,0,0,0
00,120248278827650629,ACTIVE,100,0.85,24,0,2,0,0,0
00,120247258927520533,ACTIVE,100,0.84,21,0,0,0,0,0
00,120245523851000129,ACTIVE,150,0.83,35,0,1,0,0,0
00,120249926808710695,ACTIVE,260,0.82,46,1,1,0,0,0
00,120250270945270663,ACTIVE,150,0.82,15,1,1,0,0,0
00,120249093218690425,ACTIVE,100,0.82,16,1,1,0,0,0
00,120248539964750462,ACTIVE,60,0.82,16,0,0,0,0,0
00,120245306349070462,ACTIVE,170,0.81,17,1,0,0,0,0
00,120240258763950179,ACTIVE,130,0.81,22,0,0,0,0,0
00,120247756760140032,ACTIVE,100,0.8,21,0,1,1,1,24.98
00,120251485464960577,ACTIVE,100,0.79,25,2,1,0,0,0
00,120250386214920100,ACTIVE,155,0.78,20,2,3,0,0,0
00,120246456808530686,ACTIVE,80,0.77,24,1,1,0,0,0
00,120249688814550544,ACTIVE,80,0.76,12,0,0,0,0,0
00,120249242219710126,ACTIVE,156,0.76,20,1,1,1,1,29.98
00,120248732700550455,ACTIVE,112,0.75,24,0,0,0,0,0
00,120249648539760544,ACTIVE,100,0.75,12,0,0,0,0,0
00,120247215908320172,ACTIVE,200,0.74,22,1,2,0,0,0
00,120250623729250057,ACTIVE,100,0.74,10,0,1,0,0,0
00,120248832877240168,ACTIVE,196,0.74,15,0,0,0,0,0
00,120248427377090214,ACTIVE,130,0.74,24,2,2,1,0,0
00,120250543650490100,ACTIVE,115,0.73,23,0,0,0,0,0
00,52523378501899,ACTIVE,100,0.72,9,0,0,0,0,0
00,120249121356880642,ACTIVE,100,0.72,25,0,0,0,0,0
00,120250186073630319,ACTIVE,100,0.71,15,1,1,0,0,0
00,120249819292400663,ACTIVE,100,0.7,7,0,0,0,0,0
00,120248361160970477,ACTIVE,100,0.69,2,0,1,0,0,0
00,120249786530980065,ACTIVE,80,0.69,1,1,2,1,1,49.52
00,120248541516690291,PAUSED,200,0.68,8,0,0,0,0,0
00,120248442735500509,ACTIVE,80,0.68,27,0,0,0,0,0
00,120249285560020695,ACTIVE,100,0.68,20,2,2,0,0,0
00,120246229939410436,ACTIVE,100,0.67,27,0,1,0,0,0
00,120246843188440752,ACTIVE,100,0.67,27,0,0,0,0,0
00,120248647099960509,ACTIVE,240,0.66,23,0,0,0,0,0
00,120248388520260291,ACTIVE,200,0.66,23,0,1,0,0,0
00,120245514271720065,ACTIVE,115,0.66,18,0,0,0,0,0
00,120246260582710436,ACTIVE,124,0.66,30,1,0,0,0,0
00,120249481659380561,ACTIVE,100,0.66,29,0,0,0,0,0
00,120250153634770116,ACTIVE,180,0.65,25,0,1,1,1,69.72
00,120251455146170279,ACTIVE,80,0.64,14,0,0,0,0,0
00,120246928447770752,ACTIVE,300,0.64,15,0,0,0,0,0
00,120248850201850065,ACTIVE,133,0.63,19,0,0,0,0,0
00,120251659288280166,ACTIVE,30,0.63,10,0,1,0,0,0
00,120248428303370214,ACTIVE,50,0.63,15,0,0,0,0,0
00,120249286682560368,ACTIVE,300,0.62,31,1,1,0,0,0
00,120246230106530436,ACTIVE,100,0.62,25,0,1,0,0,0
00,23858399785300799,ACTIVE,100,0.62,5,0,0,0,0,0
00,120248842978890462,ACTIVE,264,0.61,19,2,2,0,0,0
00,120253455387470054,ACTIVE,100,0.61,13,0,1,0,0,0
00,120248337355660206,ACTIVE,100,0.6,15,0,0,0,0,0
00,120247336167910474,ACTIVE,100,0.6,11,0,1,0,0,0
00,120247643854790590,ACTIVE,100,0.59,15,1,1,0,0,0
00,120248574839550695,ACTIVE,250,0.58,30,1,1,0,0,0
00,120246100871360533,ACTIVE,100,0.58,32,1,2,0,0,0
00,120248304803400065,ACTIVE,50,0.58,12,0,1,0,0,0
00,120246299672680751,ACTIVE,115,0.58,14,1,1,0,0,0
00,120246809754490177,ACTIVE,182,0.57,12,1,1,0,0,0
00,120246919904290533,ACTIVE,100,0.57,17,1,2,0,0,0
00,120246755850270533,ACTIVE,101,0.57,38,1,1,1,0,0
00,120250515613480100,ACTIVE,50,0.57,14,0,0,0,0,0
00,120246931507190320,ACTIVE,120,0.56,19,0,1,0,0,0
00,120250629224620319,ACTIVE,170,0.56,16,0,0,0,0,0
00,120246733902040065,ACTIVE,80,0.56,7,1,1,0,0,0
00,120249999663760100,ACTIVE,100,0.55,12,0,0,0,0,0
00,120249238610320065,ACTIVE,135,0.55,9,1,1,0,0,0
00,120249651790050544,ACTIVE,80,0.55,19,0,1,0,0,0
00,120246402943010533,ACTIVE,100,0.55,19,1,2,0,0,0
00,120250201928850116,ACTIVE,100,0.55,16,0,0,0,0,0
00,120248734905220544,ACTIVE,80,0.55,11,0,1,0,0,0
00,120251788886810404,ACTIVE,100,0.54,11,1,2,0,0,0
00,120252589978050166,ACTIVE,100,0.54,18,0,0,0,0,0
00,120247150219620533,ACTIVE,100,0.53,14,1,2,0,0,0
00,120249780801750065,ACTIVE,120,0.52,17,1,1,0,0,0
00,120248641584020509,ACTIVE,80,0.51,34,0,0,0,0,0
00,120248415387920090,ACTIVE,167,0.51,11,1,1,0,0,0
00,120245260142700146,ACTIVE,500,0.51,26,1,1,0,0,0
00,120248800208810303,ACTIVE,80,0.5,17,0,0,0,0,0
00,120249021714300389,ACTIVE,100,0.5,20,2,1,0,0,0
00,120245837521970436,ACTIVE,100,0.5,27,0,0,0,0,0
00,120246733901990065,ACTIVE,80,0.49,3,0,0,0,0,0
00,120248306696030509,ACTIVE,321,0.49,33,0,2,0,0,0
00,120249405042580425,ACTIVE,170,0.49,9,0,1,0,0,0
00,120249545895050561,ACTIVE,100,0.48,18,0,0,0,0,0
00,120250285289280319,ACTIVE,320,0.48,21,1,1,0,0,0
00,120250690977660725,ACTIVE,100,0.48,30,0,0,0,0,0
00,120246023777450751,ACTIVE,300,0.48,9,0,2,1,0,0
00,120249687203200455,ACTIVE,134,0.47,9,0,0,0,0,0
00,120246471244730065,ACTIVE,229,0.47,12,0,0,0,0,0
00,120249539339830561,ACTIVE,87,0.46,9,0,2,1,0,0
00,120247519982390097,ACTIVE,152,0.46,11,0,0,0,0,0
00,120252182229950450,ACTIVE,100,0.45,20,2,2,0,0,0
00,120247319362190032,ACTIVE,100,0.45,15,1,0,0,0,0
00,120248927739830303,ACTIVE,120,0.45,7,2,2,0,0,0
00,120247981166240090,ACTIVE,100,0.45,24,0,0,0,0,0
00,120248975012510303,ACTIVE,40,0.44,9,0,0,0,0,0
00,120250516463810100,ACTIVE,50,0.44,10,0,0,0,0,0
00,120249135138590389,ACTIVE,267,0.43,36,2,3,1,0,0
00,120248464770270509,ACTIVE,500,0.43,23,0,0,0,0,0
00,120250887160610127,ACTIVE,100,0.43,5,0,0,0,0,0
00,120251254946790722,ACTIVE,150,0.42,11,0,2,0,0,0
00,120245889270610065,ACTIVE,40,0.42,9,0,0,0,0,0
00,120247137870610032,ACTIVE,100,0.42,6,0,0,0,0,0
00,120248563890830642,ACTIVE,120,0.42,8,0,0,0,0,0
00,120248571162920214,ACTIVE,130,0.42,15,0,0,0,0,0
00,120249300729750589,ACTIVE,200,0.42,15,1,1,0,0,0
00,120252584622890404,ACTIVE,100,0.41,4,0,1,0,0,0
00,120244270293390320,ACTIVE,120,0.41,18,0,1,0,0,0
00,120248563556880084,ACTIVE,50,0.41,10,1,2,0,0,0
00,120248709393500090,ACTIVE,120,0.41,7,0,0,0,0,0
00,120246733876960065,ACTIVE,80,0.39,10,0,0,0,0,0
00,120249807220650152,ACTIVE,80,0.38,41,0,0,0,0,0
00,120249765049480152,ACTIVE,120,0.38,8,1,1,0,0,0
00,120248424742670214,ACTIVE,220,0.38,14,0,0,0,0,0
00,120246024108390751,ACTIVE,300,0.37,7,0,0,0,0,0
00,120244430700860708,ACTIVE,245,0.36,10,1,1,0,0,0
00,120248736827310090,ACTIVE,188,0.36,3,0,0,0,0,0
00,120250250795130229,ACTIVE,185,0.36,18,0,0,0,0,0
00,120247680102270175,ACTIVE,195,0.36,38,0,1,0,0,0
00,120249535727510116,ACTIVE,100,0.35,13,0,0,0,0,0
00,120249266711770425,ACTIVE,170,0.35,15,2,2,0,0,0
00,120245557729330686,ACTIVE,100,0.34,8,0,0,0,0,0
00,120246471244780065,ACTIVE,229,0.34,18,0,0,0,0,0
00,120246457583950686,ACTIVE,80,0.33,8,0,0,0,0,0
00,120249863194110065,ACTIVE,80,0.33,9,1,1,0,0,0
00,52523821661899,ACTIVE,100,0.32,10,0,0,0,0,0
00,120253460918680054,ACTIVE,100,0.32,15,1,1,0,0,0
00,120249544944710561,ACTIVE,100,0.32,37,0,0,0,0,0
00,120246513499500780,ACTIVE,80,0.32,16,0,0,0,0,0
00,120246901356730172,ACTIVE,135,0.32,9,0,0,0,0,0
00,120248578411800084,ACTIVE,100,0.32,2,0,0,0,0,0
00,120247476544560470,ACTIVE,10,0.31,11,0,0,0,0,0
00,120249480059560561,ACTIVE,100,0.31,9,0,0,0,0,0
00,120249807315540152,ACTIVE,80,0.31,9,1,1,0,0,0
00,120247516592800470,ACTIVE,10,0.3,5,0,0,0,0,0
00,120244643680750544,ACTIVE,80,0.3,12,0,1,0,0,0
00,120249020749560065,ACTIVE,50,0.3,12,1,0,1,1,29.98
00,120250421818450365,ACTIVE,60,0.3,6,0,1,0,0,0
00,120251047356610589,ACTIVE,165,0.29,6,0,1,0,0,0
00,120246983939560320,ACTIVE,100,0.29,9,0,0,0,0,0
00,120249480059500561,ACTIVE,100,0.29,6,0,0,0,0,0
00,120247691493450032,ACTIVE,141,0.28,14,1,3,0,0,0
00,120249584109250469,ACTIVE,150,0.28,8,0,0,0,0,0
00,120249356231560425,ACTIVE,100,0.27,20,0,0,0,0,0
00,120247643776520241,ACTIVE,240,0.27,13,0,0,0,0,0
00,120246163131840788,ACTIVE,50,0.27,3,1,0,0,0,0
00,120248570625820214,ACTIVE,130,0.26,7,0,0,0,0,0
00,52523378503899,ACTIVE,100,0.25,13,1,3,0,0,0
00,120242746886630788,ACTIVE,100,0.25,11,0,0,0,0,0
00,120246299721450751,ACTIVE,195,0.25,6,0,1,0,0,0
00,120245477531130129,ACTIVE,100,0.25,13,0,0,0,0,0
00,120247924205270214,ACTIVE,85,0.25,10,0,1,0,0,0
00,120252269835990722,ACTIVE,80,0.24,5,0,0,0,0,0
00,120246852067760630,ACTIVE,80,0.24,11,0,0,0,0,0
00,120246523843370125,ACTIVE,80,0.24,10,1,1,1,1,39.98
00,120248563590750084,ACTIVE,50,0.24,4,0,0,0,0,0
00,120248641457110509,ACTIVE,80,0.24,11,0,0,0,0,0
00,120248560991980642,ACTIVE,100,0.24,14,1,1,0,0,0
00,120249688814530544,ACTIVE,80,0.24,8,0,0,0,0,0
00,120246976043510780,ACTIVE,80,0.24,4,0,0,0,0,0
00,120247643818970590,ACTIVE,100,0.23,8,1,1,0,0,0
00,120249671720930152,ACTIVE,80,0.23,4,0,0,0,0,0
00,120248571011250214,ACTIVE,130,0.23,14,0,0,0,0,0
00,120249833431960152,ACTIVE,90,0.23,6,1,1,0,0,0
00,120249861202960589,ACTIVE,330,0.23,13,0,0,0,0,0
00,120246232598650090,ACTIVE,154,0.23,11,0,1,0,0,0
00,120235701428400210,ACTIVE,200,0.23,7,0,0,0,0,0
00,120249453863770425,ACTIVE,100,0.22,4,0,0,0,0,0
00,120249232068930561,ACTIVE,100,0.22,5,0,0,0,0,0
00,120248715816730090,ACTIVE,325,0.22,8,0,0,0,0,0
00,120252717538910404,ACTIVE,113,0.22,9,0,0,0,0,0
00,120245889270720065,ACTIVE,40,0.21,9,0,0,0,0,0
00,120247735898240097,ACTIVE,80,0.21,13,0,0,0,0,0
00,120245504145510146,ACTIVE,100,0.21,7,0,0,0,0,0
00,120249142031310564,PAUSED,80,0.21,14,0,0,0,0,0
00,120248764599250589,ACTIVE,100,0.21,11,0,0,0,0,0
00,120244924434950146,ACTIVE,100,0.2,25,1,2,0,0,0
00,120252392644570722,ACTIVE,40,0.2,2,0,0,0,0,0
00,120248735036310642,ACTIVE,100,0.19,5,0,0,0,0,0
00,120245899907890065,ACTIVE,115,0.19,8,0,1,0,0,0
00,6973002165426,ACTIVE,50,0.19,3,0,0,0,0,0
00,120246457630600686,ACTIVE,80,0.19,6,0,0,0,0,0
00,120250558611510100,ACTIVE,300,0.19,14,0,1,0,0,0
00,120249545634930561,ACTIVE,200,0.19,12,0,0,0,0,0
00,120248865914260303,ACTIVE,40,0.18,9,0,0,0,0,0
00,120247407289380474,ACTIVE,80,0.18,6,0,1,0,0,0
00,120248563590520084,ACTIVE,100,0.18,6,0,2,0,0,0
00,120248625932250043,ACTIVE,80,0.17,8,0,0,0,0,0
00,120249484643420425,ACTIVE,100,0.17,8,0,1,0,0,0
00,120246827300650780,ACTIVE,80,0.17,8,0,0,0,0,0
00,120249368056430564,ACTIVE,80,0.17,6,0,0,0,0,0
00,120248895819210303,ACTIVE,50,0.16,4,0,0,0,0,0
00,120245503817640146,ACTIVE,100,0.16,6,0,0,0,0,0
00,120246575988970179,ACTIVE,130,0.16,7,0,1,0,0,0
00,120248571162820214,ACTIVE,130,0.15,6,0,0,0,0,0
00,120247316158380172,ACTIVE,80,0.15,7,0,0,0,0,0
00,120247284992210533,ACTIVE,90,0.14,3,0,0,0,0,0
00,120247131790900470,ACTIVE,80,0.14,15,0,1,1,0,0
00,120246939922390780,ACTIVE,80,0.14,4,0,0,0,0,0
00,120245481989400065,ACTIVE,40,0.13,8,0,0,0,0,0
00,120243892590430490,ACTIVE,30,0.13,10,0,0,0,0,0
00,120249671961090152,ACTIVE,100,0.13,7,0,0,0,0,0
00,120247244150820650,ACTIVE,100,0.13,3,1,2,0,0,0
00,120244486723120436,ACTIVE,100,0.12,5,0,0,0,0,0
00,120246523842990125,ACTIVE,80,0.12,5,0,0,0,0,0
00,120246440557020780,ACTIVE,80,0.12,10,0,0,0,0,0
00,120235701428420210,ACTIVE,200,0.11,5,0,0,0,0,0
00,120248287670480214,ACTIVE,130,0.11,9,0,0,0,0,0
00,120250200101610100,ACTIVE,100,0.11,6,0,0,0,0,0
00,120249107649200126,ACTIVE,100,0.11,4,0,0,0,0,0
00,120247243911920650,ACTIVE,100,0.11,2,0,0,0,0,0
00,120251725496440057,ACTIVE,100,0.11,5,0,0,0,0,0
00,120246162518690788,ACTIVE,50,0.1,8,0,0,0,0,0
00,120247114774530177,ACTIVE,100,0.1,9,0,1,0,0,0
00,120244164847370788,ACTIVE,50,0.09,2,0,0,0,0,0
00,120245848127430707,ACTIVE,200,0.09,6,0,0,0,0,0
00,120245087420500146,ACTIVE,100,0.09,7,0,0,0,0,0
00,120246440355140780,ACTIVE,80,0.09,8,1,1,0,0,0
00,120249100983530561,ACTIVE,100,0.09,4,0,0,0,0,0
00,120246676754100650,ACTIVE,100,0.09,5,0,0,0,0,0
00,120250735893500725,ACTIVE,100,0.09,4,0,1,0,0,0
00,120249008737320561,ACTIVE,144,0.08,3,0,0,0,0,0
00,120247011370610177,ACTIVE,100,0.08,8,0,0,0,0,0
00,120246808176070320,ACTIVE,120,0.08,13,0,0,0,0,0
00,120247476544590470,ACTIVE,10,0.08,3,1,1,0,0,0
00,120248641646890509,ACTIVE,80,0.08,9,0,0,0,0,0
00,120248854111730206,ACTIVE,100,0.08,3,0,0,0,0,0
00,120248452492430509,ACTIVE,100,0.08,7,0,0,0,0,0
00,120251621534620577,ACTIVE,88,0.08,2,0,0,0,0,0
00,120251997719170404,ACTIVE,100,0.07,2,0,0,0,0,0
00,120252191525360210,ACTIVE,200,0.07,7,0,1,0,0,0
00,120244242496990780,ACTIVE,100,0.07,7,0,1,1,0,0
00,120252590102520166,ACTIVE,20,0.06,1,0,0,0,0,0
00,120249020749590065,ACTIVE,50,0.06,8,0,0,0,0,0
00,120249807220570152,ACTIVE,80,0.06,9,0,0,0,0,0
00,120246408526190686,ACTIVE,100,0.05,2,0,0,0,0,0
00,6998743229226,ACTIVE,50,0.05,5,0,0,0,0,0
00,120246457864390686,ACTIVE,80,0.05,1,0,0,0,0,0
00,120245456734710146,ACTIVE,100,0.04,3,0,0,0,0,0
00,120248304803930065,ACTIVE,50,0.04,3,0,0,0,0,0
00,120244030328950490,ACTIVE,30,0.04,2,0,0,0,0,0
00,120249937138090048,ACTIVE,200,0.04,2,0,0,0,0,0
00,120250429106640100,ACTIVE,100,0.04,1,0,1,0,0,0
00,120248690643620090,ACTIVE,265,0.04,4,0,1,0,0,0
00,120249244397090229,ACTIVE,113,0.03,3,0,0,0,0,0
00,120249833430270152,ACTIVE,90,0.03,3,0,0,0,0,0
00,120250353178530351,ACTIVE,80,0.03,5,0,0,0,0,0
00,120249120674110404,ACTIVE,300,0.03,3,0,0,0,0,0
00,120251788791190404,ACTIVE,100,0.03,1,0,0,0,0,0
00,120252799662120709,ACTIVE,90,0.03,2,0,0,0,0,0
00,120251621534730577,ACTIVE,88,0.02,1,0,0,0,0,0
00,120247410623640470,ACTIVE,10,0.02,1,0,0,0,0,0
00,120250735822290725,ACTIVE,100,0.02,3,0,0,0,0,0
00,120252301916990368,ACTIVE,50,0.02,3,0,0,0,0,0
00,120250458261990365,ACTIVE,60,0.02,1,0,0,0,0,0
00,120247410623510470,ACTIVE,10,0.01,1,0,0,0,0,0
00,120246162660770788,ACTIVE,50,0.01,5,0,0,0,0,0
00,120244030440450490,ACTIVE,30,0.01,5,0,0,0,0,0
00,120249304487320561,ACTIVE,68,0.01,12,0,0,0,0,0
00,120250489914960351,ACTIVE,80,0.01,2,0,0,0,0,0
00,120245481989440065,ACTIVE,40,0.01,3,0,0,0,0,0
00,120249455686540425,ACTIVE,100,0.01,1,0,0,0,0,0
00,120245503809280146,ACTIVE,100,0.01,3,0,0,0,0,0
00,120245559170210129,ACTIVE,100,0,0,0,0,0,0,0
00,120245559170180129,ACTIVE,100,0,0,0,0,0,0,0
00,120248781389040090,ACTIVE,60,0,0,0,0,0,0,0
00,120250780851280725,ACTIVE,100,0,0,0,0,0,0,0
00,120250780825080725,ACTIVE,100,0,0,0,0,0,0,0
00,120250780786480725,ACTIVE,100,0,0,0,0,0,0,0
00,120249718776930354,ACTIVE,80,0,0,0,0,0,0,0
00,120250780786450725,ACTIVE,100,0,0,0,0,0,0,0
00,120250780748630725,ACTIVE,100,0,0,0,0,0,0,0
00,120250780696310725,ACTIVE,100,0,0,0,0,0,0,0
00,120250780546840725,ACTIVE,100,0,0,0,0,0,0,0
00,120252471912120651,ACTIVE,20,0,0,0,0,0,0,0
00,120252471912540651,ACTIVE,20,0,0,0,0,0,0,0
00,120250668216750603,ACTIVE,80,0,1,0,0,0,0,0
00,120248683494180509,ACTIVE,100,0,0,0,0,0,0,0
00,120252589978110166,ACTIVE,20,0,1,0,0,0,0,0
00,120252667910230450,ACTIVE,94,0,1,0,0,0,0,0
00,120252672548840450,ACTIVE,80,0,0,0,0,0,0,0
00,120252672549030450,ACTIVE,80,0,0,0,0,0,0,0
00,120249793088660168,ACTIVE,100,0,0,0,0,0,0,0
00,120252801855730709,ACTIVE,80,0,0,0,0,0,0,0
00,120252801855800709,ACTIVE,80,0,0,0,0,0,0,0
00,120252802300650709,ACTIVE,80,0,0,0,0,0,0,0
00,120252802300820709,ACTIVE,80,0,0,0,0,0,0,0
00,120248683494080509,ACTIVE,100,0,0,0,0,0,0,0
00,120249516466840544,ACTIVE,80,0,2,0,0,0,0,0
00,120248683438120509,ACTIVE,100,0,0,0,0,0,0,0
00,120248683438050509,ACTIVE,100,0,0,0,0,0,0,0
00,120249718776890354,ACTIVE,80,0,0,0,0,0,0,0
00,120257843668650586,ACTIVE,25,0,1,0,0,0,0,0
00,120247200503920320,ACTIVE,1,0,1,0,0,0,0,0
00,120248683357150509,ACTIVE,100,0,0,0,0,0,0,0
00,120248683357130509,ACTIVE,100,0,0,0,0,0,0,0
00,120248683330270509,ACTIVE,100,0,0,0,0,0,0,0
00,120248683330180509,ACTIVE,100,0,0,0,0,0,0,0
00,120248781337280090,ACTIVE,60,0,0,0,0,0,0,0
00,120251070317300589,ACTIVE,100,0,4,0,0,0,0,0
00,120249688775830544,ACTIVE,80,0,0,0,0,0,0,0
00,120249688791360544,ACTIVE,80,0,0,0,0,0,0,0
00,120249688832310544,ACTIVE,80,0,0,0,0,0,0,0
00,120249688929650544,ACTIVE,80,0,0,0,0,0,0,0
00,120249718834580354,ACTIVE,80,0,0,0,0,0,0,0
00,120245559323420129,ACTIVE,100,0,0,0,0,0,0,0
00,120245559323790129,ACTIVE,100,0,0,0,0,0,0,0
00,120250780888760725,ACTIVE,100,0,0,0,0,0,0,0
00,120250780888720725,ACTIVE,100,0,0,0,0,0,0,0
00,120250780866490725,ACTIVE,100,0,0,0,0,0,0,0
00,120249718834510354,ACTIVE,80,0,0,0,0,0,0,0
00,120245559357850129,ACTIVE,100,0,0,0,0,0,0,0
00,120251394403690174,ACTIVE,80,0,0,0,0,0,0,0
00,120251394403710174,ACTIVE,80,0,0,0,0,0,0,0
00,120251394564450174,ACTIVE,80,0,0,0,0,0,0,0
00,120251394564900174,ACTIVE,80,0,0,0,0,0,0,0
00,120251394711360174,ACTIVE,80,0,0,0,0,0,0,0
00,120251394711430174,ACTIVE,80,0,0,0,0,0,0,0
00,120245559357770129,ACTIVE,100,0,0,0,0,0,0,0
01,120249287169520455,ACTIVE,2014,37.849999999999994,921,29,29,4,1,34.95
01,120244761352230455,ACTIVE,1200,32.9,1034,16,20,1,1,63.17
01,120250586047790725,ACTIVE,1000,23.049999999999997,1192,16,17,3,2,78.35
01,120246828454030629,ACTIVE,683,22.03,438,8,10,2,2,150.28
01,120250585951520725,ACTIVE,500,21.28,882,21,25,4,2,78.35
01,120249076026100642,ACTIVE,500,15.59,320,9,11,1,0,0
01,120243986668280589,ACTIVE,500,15.16,230,8,7,0,0,0
01,120244480112510436,ACTIVE,350,14.61,522,7,8,2,1,68.22
01,120253357403430210,ACTIVE,608,14.059999999999999,264,3,4,1,1,41.980000000000004
01,120248722531060455,ACTIVE,344,13.170000000000002,300,11,16,2,1,60.41
01,120246299672740751,ACTIVE,510,13.03,286,7,9,0,0,0
01,120248166981820509,ACTIVE,500,12.78,320,12,10,0,0,0
01,120250300134890725,ACTIVE,500,12.719999999999999,255,6,6,1,1,28.98
01,120249861202960589,ACTIVE,330,12.71,166,2,4,1,0,0
01,120249610130740065,ACTIVE,415,12.41,314,6,9,3,1,49.519999999999996
01,120250946852160368,ACTIVE,200,12.21,232,8,7,1,1,69.57
01,120247114933330177,ACTIVE,100,12.07,131,4,4,0,0,0
01,120250036356910725,ACTIVE,100,11.83,194,6,7,2,2,97.54
01,120246670033370677,ACTIVE,729,11.77,434,6,8,1,0,0
01,120248502959590043,ACTIVE,700,11.290000000000001,188,9,12,0,0,0
01,120249729041270065,ACTIVE,462,10.69,205,7,8,2,2,59.96
01,120252755939610404,ACTIVE,147,10.13,67,3,4,1,0,0
01,120245334049460065,ACTIVE,680,10.129999999999999,154,5,14,1,0,0
01,120244349823030686,ACTIVE,246,9.96,162,3,3,2,0,0
01,120242301213710065,ACTIVE,550,9.86,362,10,16,6,2,59.959999999999994
01,120246852067690630,ACTIVE,405,9.65,172,2,5,1,1,29.979999999999997
01,120244794017770320,ACTIVE,360,9.41,256,6,5,2,1,58.77
01,120249932722130725,ACTIVE,500,9.16,378,7,10,1,1,49.37
01,120248623149560090,ACTIVE,456,9.01,270,7,6,0,0,0
01,120246608238010179,ACTIVE,240,8.84,204,1,1,0,0,0
01,120243276755660065,ACTIVE,500,8.77,301,9,8,2,1,121.58999999999999
01,120242301213170065,ACTIVE,300,8.71,339,4,7,0,0,0
01,120248598576010303,ACTIVE,400,8.63,189,7,8,1,0,0
01,120246411234470686,ACTIVE,80,8.52,67,1,3,0,0,0
01,120248889381040455,ACTIVE,300,8.440000000000001,474,8,8,0,0,0
01,120244928009900146,ACTIVE,265,8.399999999999999,215,6,4,0,0,0
01,120250509772850725,ACTIVE,100,8.24,359,9,8,0,0,0
01,120248613615540642,ACTIVE,360,8.23,98,4,4,1,0,0
01,120249823132410048,ACTIVE,300,8.21,129,5,4,0,0,0
01,120247380152830677,ACTIVE,515,8.18,246,3,3,0,0,0
01,120250447195790100,ACTIVE,300,8.120000000000001,163,2,5,0,0,0
01,120258931690100586,ACTIVE,100,8.059999999999999,114,4,4,1,0,0
01,120244823852300686,ACTIVE,422,7.92,115,4,4,0,0,0
01,120249244397090229,ACTIVE,113,7.859999999999999,243,5,4,0,0,0
01,120248492410110561,ACTIVE,280,7.85,183,3,6,1,1,24.98
01,120249563397690389,ACTIVE,113,7.84,250,16,12,1,0,0
01,120250337858370100,ACTIVE,300,7.83,161,9,9,2,1,52.56
01,120249141973900564,ACTIVE,200,7.82,187,3,3,0,0,0
01,120249660368100389,ACTIVE,167,7.5,212,5,4,0,0,0
01,120244034916020436,ACTIVE,254,7.49,304,4,6,0,0,0
01,120251535653980577,ACTIVE,159,7.4399999999999995,179,6,6,1,1,28.98
01,120245382821930146,ACTIVE,500,7.43,215,2,3,1,0,0
01,120247547590960642,ACTIVE,360,7.42,109,4,4,0,0,0
01,120247276536500650,ACTIVE,119,7.38,44,1,1,0,0,0
01,120245172037500146,ACTIVE,322,7.37,213,11,12,1,0,0
01,120246710213410090,ACTIVE,325,7.33,164,4,3,0,0,0
01,120247066173290752,ACTIVE,300,7.16,186,7,7,2,1,44.75
01,120251097236710589,ACTIVE,96,7.15,94,2,3,0,0,0
01,120250458262110365,ACTIVE,60,7.12,37,0,0,0,0,0
01,120241066464020065,ACTIVE,470,7.07,313,4,5,1,1,49.52
01,120246500280680686,ACTIVE,80,6.92,81,6,7,1,1,89.94999999999999
01,120251597891310577,ACTIVE,100,6.870000000000001,102,1,3,1,1,28.98
01,120248151966140006,ACTIVE,80,6.82,201,5,5,0,0,0
01,120247116967370177,ACTIVE,100,6.8,83,3,3,0,0,0
01,120247756760140032,ACTIVE,100,6.720000000000001,71,3,2,2,2,67.94999999999999
01,120251621534620577,ACTIVE,88,6.71,78,2,2,0,0,0
01,120248800044910751,ACTIVE,350,6.67,178,1,7,1,1,24.98
01,120249823132440048,ACTIVE,300,6.6,143,2,3,0,0,0
01,120251621534730577,ACTIVE,88,6.6,71,6,4,0,0,0
01,120246224052810436,ACTIVE,124,6.6,286,4,3,1,0,0
01,120251109241560577,ACTIVE,100,6.56,147,6,8,1,0,0
01,120248416746740708,ACTIVE,215,6.51,143,2,3,1,0,0
01,120250210018830100,ACTIVE,300,6.48,167,1,2,1,1,22.98
01,120247643776490241,ACTIVE,200,6.4,277,5,4,0,0,0
01,120247116782980177,ACTIVE,100,6.369999999999999,84,3,5,0,0,0
01,120244079033450320,ACTIVE,300,6.34,215,2,2,0,0,0
01,120248609231900509,ACTIVE,500,6.32,146,3,7,0,0,0
01,120251254946790722,ACTIVE,150,6.31,78,1,3,0,0,0
01,120245205078130630,ACTIVE,432,6.3,200,4,7,0,0,0
01,120247293642140642,ACTIVE,360,6.29,110,2,2,1,1,37.95
01,120247096426120177,ACTIVE,100,6.26,55,2,3,0,0,0
01,120249688775830544,ACTIVE,80,6.22,72,2,2,0,0,0
01,120248861015550389,ACTIVE,100,6.209999999999999,208,9,11,1,0,0
01,120249833430270152,ACTIVE,90,6.18,71,0,2,0,0,0
01,120246291786180686,ACTIVE,100,6.12,83,1,1,0,0,0
01,120247461310220752,ACTIVE,270,6.09,116,4,4,1,0,0
01,120245942236800686,ACTIVE,230,6.05,59,1,3,1,0,0
01,120246808388750320,ACTIVE,270,6.02,189,8,9,0,0,0
01,120249352658910425,ACTIVE,200,5.98,118,2,2,0,0,0
01,120250270342280100,ACTIVE,343,5.84,197,7,6,1,1,22.98
01,120246178929760752,ACTIVE,300,5.84,134,2,2,1,0,0
01,23858457619370799,ACTIVE,300,5.83,80,3,3,0,0,0
01,120249716393970354,ACTIVE,125,5.82,21,0,1,0,0,0
01,120245545524010146,ACTIVE,100,5.81,59,2,2,1,0,0
01,120247114933270177,ACTIVE,100,5.720000000000001,86,4,5,0,0,0
01,120247303210460752,ACTIVE,300,5.72,179,5,7,1,1,80.94
01,120253485175620210,ACTIVE,109,5.67,91,1,1,0,0,0
01,120248184540550090,ACTIVE,225,5.66,157,5,7,1,0,0
01,120247778100360674,ACTIVE,150,5.65,115,2,2,0,0,0
01,120245334049540065,ACTIVE,510,5.63,95,6,5,2,2,99.03
01,120248735036530642,ACTIVE,398,5.62,104,2,2,1,0,0
01,120246260582560436,ACTIVE,124,5.6,143,0,0,0,0,0
01,120247733868670674,ACTIVE,150,5.52,97,2,4,0,0,0
01,120251097236590589,ACTIVE,96,5.46,88,1,1,0,0,0
01,120247646194930320,ACTIVE,149,5.45,133,2,2,0,0,0
01,120249110988580455,ACTIVE,236,5.35,227,1,1,0,0,0
01,120247660753560677,ACTIVE,124,5.34,64,0,0,0,0,0
01,120249833431960152,ACTIVE,90,5.34,78,2,2,0,0,0
01,120247431629500707,ACTIVE,164,5.300000000000001,77,4,4,0,0,0
01,120246926406810630,ACTIVE,300,5.279999999999999,166,4,3,0,0,0
01,120249177863610455,ACTIVE,474,5.279999999999999,123,2,3,0,0,0
01,120247644108910241,ACTIVE,200,5.27,195,6,8,1,0,0
01,120247614409850674,ACTIVE,521,5.19,89,0,0,0,0,0
01,120250942814310577,ACTIVE,100,5.18,159,7,5,2,1,28.98
01,120248564195910090,ACTIVE,210,5.14,120,3,3,0,0,0
01,120247495951370752,ACTIVE,81,5.1,77,3,4,0,0,0
01,120248782069390090,PAUSED,60,5.1,35,0,1,0,0,0
01,120249666979560695,ACTIVE,100,5.1,186,3,3,0,0,0
01,120246058017990436,ACTIVE,209,5.09,249,5,8,0,0,0
01,120250790045220586,ACTIVE,100,5.03,82,1,2,0,0,0
01,120246976043510780,ACTIVE,80,5.01,91,3,2,0,0,0
01,120246229820600436,ACTIVE,100,5.01,192,4,5,0,0,0
01,120250576234420100,ACTIVE,74,5,57,2,2,0,0,0
01,120245837898990436,ACTIVE,100,4.99,167,3,3,0,0,0
01,120247584490940320,ACTIVE,223,4.93,183,2,2,0,0,0
01,120247296233760320,ACTIVE,377,4.9,130,6,7,1,0,0
01,120247389999270241,ACTIVE,550,4.87,257,3,3,0,0,0
01,120249688791360544,ACTIVE,80,4.79,63,0,1,0,0,0
01,120246865117370320,ACTIVE,300,4.720000000000001,139,2,3,1,0,0
01,120250156416670100,ACTIVE,500,4.720000000000001,112,5,5,1,1,38.17
01,120246188701000686,ACTIVE,500,4.720000000000001,87,5,5,2,1,71.2
01,120242031621370065,ACTIVE,229,4.699999999999999,140,0,0,0,0,0
01,120245545523930146,ACTIVE,100,4.67,69,3,5,1,1,75.22
01,120248479510860214,ACTIVE,130,4.66,95,2,1,1,0,0
01,120249688814550544,ACTIVE,80,4.63,86,2,2,0,0,0
01,120258018661030586,ACTIVE,100,4.63,105,4,6,1,0,0
01,120250865036060319,ACTIVE,100,4.61,78,2,2,0,0,0
01,120250458261910365,ACTIVE,60,4.6,35,2,3,2,1,51.21
01,23858502721570799,ACTIVE,180,4.5600000000000005,59,2,1,0,0,0
01,120247150219620533,ACTIVE,100,4.5600000000000005,121,3,7,0,0,0
01,120248936176310206,ACTIVE,100,4.55,38,2,2,1,0,0
01,120249348715940642,ACTIVE,125,4.54,77,1,3,0,0,0
01,120248975012480303,ACTIVE,40,4.54,46,1,1,0,0,0
01,120248575303210167,ACTIVE,80,4.5,60,2,1,0,0,0
01,120249688814530544,ACTIVE,80,4.5,100,1,1,0,0,0
01,120249405042580425,ACTIVE,170,4.46,37,1,2,1,0,0
01,120249688832310544,ACTIVE,80,4.44,67,0,1,0,0,0
01,120250233675670431,ACTIVE,130,4.37,99,0,0,0,0,0
01,120249684118680544,ACTIVE,90,4.36,106,5,5,1,0,0
01,120249172433610425,ACTIVE,163,4.359999999999999,47,0,0,0,0,0
01,120246500280520686,ACTIVE,80,4.3500000000000005,79,4,4,0,0,0
01,120249687202530455,ACTIVE,134,4.35,81,0,2,0,0,0
01,120249480059560561,ACTIVE,100,4.34,32,0,1,0,0,0
01,120245400790120686,ACTIVE,500,4.33,80,2,2,1,1,71.21
01,120245339157220686,ACTIVE,100,4.31,41,0,0,0,0,0
01,120249953993750065,ACTIVE,93,4.27,46,2,2,0,0,0
01,52523821661299,ACTIVE,100,4.27,80,7,7,1,1,66.02
01,120247116318000177,ACTIVE,100,4.24,76,2,3,0,0,0
01,120250216921880100,ACTIVE,500,4.21,106,1,3,0,1,52.559999999999995
01,120247791798810032,ACTIVE,78,4.1899999999999995,91,1,1,0,0,0
01,120246809754490177,ACTIVE,182,4.18,56,1,1,0,0,0
01,120248563890890642,ACTIVE,200,4.17,77,4,4,0,0,0
01,120248850201850065,ACTIVE,133,4.17,103,2,3,0,0,0
01,120247751879690032,ACTIVE,119,4.12,60,3,5,0,0,0
01,120244761869100436,ACTIVE,100,4.109999999999999,200,1,3,3,1,41.98
01,120247115974900177,ACTIVE,100,4.04,74,1,3,0,0,0
01,120245638609160175,ACTIVE,135,4.02,94,6,6,2,0,0
01,120245514271740065,ACTIVE,195,4.01,66,4,4,2,2,59.96000000000001
01,120259351556840586,ACTIVE,80,4,120,5,3,2,2,93.94
01,120249276093860168,ACTIVE,198,3.99,77,4,4,1,1,37.980000000000004
01,120247584490890320,ACTIVE,100,3.95,82,4,1,0,0,0
01,120249537081420065,ACTIVE,200,3.94,83,1,1,0,0,0
01,120247660753630677,ACTIVE,124,3.94,87,0,1,0,0,0
01,120249687203200455,ACTIVE,134,3.9299999999999997,82,3,1,0,0,0
01,120246408526110686,ACTIVE,311,3.92,115,3,6,2,0,0
01,120246347471430686,ACTIVE,500,3.91,75,3,2,1,0,0
01,120249236967460564,ACTIVE,100,3.9,91,1,2,0,0,0
01,120239930892250650,ACTIVE,500,3.8899999999999997,91,5,4,0,0,0
01,120251485464960577,ACTIVE,100,3.88,96,3,2,1,0,0
01,120246180858540686,ACTIVE,100,3.8499999999999996,37,1,2,0,0,0
01,120248935062690126,ACTIVE,156,3.83,95,1,1,0,0,0
01,120246100871360533,ACTIVE,100,3.83,183,3,6,0,0,0
01,52523821661899,ACTIVE,100,3.77,69,2,3,0,0,0
01,120245557729330686,ACTIVE,100,3.7199999999999998,73,3,3,1,0,0
01,120247495951400752,ACTIVE,81,3.7199999999999998,79,2,3,0,0,0
01,120252799662120709,ACTIVE,90,3.71,76,0,2,1,1,27.979999999999997
01,120249843765220065,ACTIVE,626,3.69,123,2,1,0,0,0
01,120250466943310577,ACTIVE,102,3.68,75,2,3,0,0,0
01,120247683741070320,ACTIVE,110,3.68,49,0,0,0,0,0
01,120249688929650544,ACTIVE,80,3.68,61,4,4,0,0,0
01,120247114774470177,ACTIVE,100,3.66,80,4,5,2,2,81.2
01,120248338624550629,ACTIVE,100,3.6399999999999997,84,2,3,0,0,0
01,120250285289280319,ACTIVE,320,3.58,114,4,4,0,0,0
01,120246485397990125,ACTIVE,300,3.58,78,5,5,1,0,0
01,120245523851000129,ACTIVE,150,3.55,111,2,2,0,0,0
01,120250332385240019,ACTIVE,50,3.5,66,0,0,0,0,0
01,120247325002770564,PAUSED,200,3.47,36,1,1,0,0,0
01,120245306349070462,ACTIVE,170,3.46,49,4,2,1,1,57.980000000000004
01,120246180855910436,ACTIVE,184,3.45,157,2,3,0,0,0
01,120247284992210533,ACTIVE,90,3.4400000000000004,144,2,3,1,1,24.98
01,120246260582710436,ACTIVE,124,3.4,133,3,2,0,0,0
01,120247683740920320,ACTIVE,110,3.3800000000000003,91,2,2,0,0,0
01,120241119247090090,ACTIVE,145,3.37,33,0,1,0,0,0
01,120247624307750032,ACTIVE,80,3.37,125,0,1,0,0,0
01,120247759064590032,ACTIVE,100,3.3499999999999996,83,5,5,0,0,0
01,120247420555310752,ACTIVE,100,3.3499999999999996,174,3,3,0,0,0
01,120250668216720603,ACTIVE,80,3.34,35,2,2,0,0,0
01,120250458261990365,ACTIVE,60,3.31,23,1,1,0,0,0
01,120247114774530177,ACTIVE,100,3.31,83,2,2,0,0,0
01,120248539964750462,ACTIVE,60,3.31,32,1,1,0,0,0
01,120251788886810404,ACTIVE,100,3.3099999999999996,36,2,3,0,0,0
01,120251588323280577,ACTIVE,80,3.3,42,3,4,0,0,0
01,120247120490860177,ACTIVE,100,3.29,58,1,1,0,0,0
01,120248427377090214,ACTIVE,130,3.2800000000000002,70,3,4,1,0,0
01,120252393038390368,ACTIVE,80,3.28,88,1,1,1,0,0
01,120246919904290533,ACTIVE,100,3.27,95,3,4,1,0,0
01,120248207800680629,ACTIVE,130,3.26,161,1,1,0,0,0
01,120249953993870065,ACTIVE,93,3.23,56,1,1,1,0,0
01,120251455146170279,ACTIVE,80,3.23,48,0,0,0,0,0
01,120246210137720125,ACTIVE,100,3.2199999999999998,62,4,3,0,0,0
01,120249688832390544,ACTIVE,80,3.2199999999999998,73,1,1,0,0,0
01,120250201928850116,ACTIVE,100,3.21,32,2,0,0,0,0
01,120253455567510054,ACTIVE,100,3.18,78,0,0,0,0,0
01,120245260142700146,ACTIVE,500,3.14,82,5,5,0,0,0
01,120249405261240425,ACTIVE,170,3.14,62,3,3,1,1,69.67
01,120248475372230175,ACTIVE,87,3.13,44,1,4,0,0,0
01,120252667910240450,PAUSED,94,3.1100000000000003,36,1,1,0,0,0
01,120249222252410065,ACTIVE,100,3.1,74,0,0,0,0,0
01,120247319362190032,ACTIVE,100,3.09,70,3,2,1,1,24.98
01,120250690977660725,ACTIVE,100,3.07,132,1,3,1,1,49.370000000000005
01,120246985309150320,ACTIVE,120,3.05,109,1,1,0,0,0
01,120247253400970320,ACTIVE,100,3.05,138,0,1,0,0,0
01,120251394564900174,ACTIVE,80,3.04,29,0,0,0,0,0
01,120250865036010319,ACTIVE,100,3.0300000000000002,62,2,2,0,0,0
01,120250623729250057,ACTIVE,100,3.02,37,5,6,1,0,0
01,120242883956790544,ACTIVE,200,2.9899999999999998,80,1,1,0,0,0
01,120247756970630032,ACTIVE,100,2.9699999999999998,71,4,4,1,1,42.97
01,120250586322820725,ACTIVE,100,2.96,148,5,8,2,1,68.56
01,120246976043440780,ACTIVE,80,2.96,75,2,3,0,0,0
01,120250543650490100,ACTIVE,115,2.96,84,1,1,0,0,0
01,120246755850270533,ACTIVE,101,2.95,157,5,6,1,0,0
01,120253323556200054,ACTIVE,184,2.95,69,5,4,0,0,0
01,120250270945270663,ACTIVE,150,2.9400000000000004,45,1,2,1,0,0
01,120245284052330686,ACTIVE,80,2.94,74,1,1,1,1,29.98
01,120251354404600722,ACTIVE,80,2.8899999999999997,17,2,1,1,1,22.979999999999997
01,120249263984640425,ACTIVE,220,2.86,45,3,3,0,0,0
01,120250421818450365,ACTIVE,60,2.84,38,1,2,0,0,0
01,120249484643470425,ACTIVE,100,2.83,33,1,1,0,0,0
01,120249580568850561,ACTIVE,87,2.83,50,0,1,0,0,0
01,120246345569010686,ACTIVE,100,2.8200000000000003,45,1,1,0,0,0
01,120248306696030509,ACTIVE,321,2.81,126,1,3,0,0,0
01,120245899907660065,ACTIVE,115,2.8099999999999996,27,1,1,0,0,0
01,120250331984600019,ACTIVE,50,2.78,92,4,3,0,0,0
01,120247392681010097,ACTIVE,441,2.77,90,2,1,0,0,0
01,120247653059200586,ACTIVE,25,2.76,65,1,1,1,0,0
01,120250092640150663,ACTIVE,120,2.76,36,1,1,0,0,0
01,120245503817640146,ACTIVE,100,2.75,33,0,0,0,0,0
01,120246411190320686,ACTIVE,80,2.75,22,1,1,1,0,0
01,120246921246130533,ACTIVE,100,2.7399999999999998,102,3,4,0,0,0
01,120258095185070586,ACTIVE,50,2.73,52,1,1,1,1,28.98
01,120250386214920100,ACTIVE,155,2.73,59,2,4,0,0,0
01,120250722702450019,ACTIVE,50,2.63,66,0,0,0,0,0
01,120248530207740214,ACTIVE,50,2.63,37,0,0,0,0,0
01,120248641646890509,ACTIVE,80,2.6,38,0,0,0,0,0
01,120250374522140365,ACTIVE,60,2.59,30,0,1,0,0,0
01,120250110334530116,ACTIVE,100,2.57,38,1,1,0,0,0
01,120246162554840788,ACTIVE,100,2.56,113,5,3,1,0,0
01,120246733902040065,ACTIVE,80,2.56,34,1,1,0,0,0
01,120246230106530436,ACTIVE,100,2.56,118,4,2,0,0,0
01,120248387124610175,ACTIVE,243,2.54,52,1,2,0,0,0
01,120247643854790590,ACTIVE,100,2.53,63,2,2,0,0,0
01,120248361654700477,ACTIVE,100,2.52,30,0,0,0,0,0
01,120246575988970179,ACTIVE,130,2.52,71,2,2,0,0,0
01,120249135138590389,ACTIVE,267,2.52,122,5,8,1,0,0
01,120248278827650629,ACTIVE,100,2.51,61,3,4,0,0,0
01,120245694161990686,ACTIVE,100,2.5,17,0,0,1,1,51.22
01,120250202122870116,ACTIVE,100,2.49,52,2,2,0,0,0
01,120249926808710695,ACTIVE,260,2.49,113,2,4,0,0,0
01,120245380137820707,ACTIVE,200,2.4800000000000004,64,1,3,0,0,0
01,120247643776520241,ACTIVE,240,2.42,113,0,0,0,0,0
01,23858502721490799,ACTIVE,280,2.41,36,0,1,0,0,0
01,120246180858520686,ACTIVE,100,2.4,77,0,1,0,0,0
01,120252667910230450,PAUSED,94,2.37,35,1,1,0,0,0
01,120248278827710629,ACTIVE,100,2.36,79,2,3,1,1,36.95
01,120251256015310577,ACTIVE,80,2.36,58,0,0,0,0,0
01,120246927326310630,ACTIVE,300,2.33,42,0,0,0,0,0
01,120250668260600603,ACTIVE,80,2.33,15,0,0,0,0,0
01,120249242219710126,ACTIVE,156,2.31,78,2,1,1,1,29.98
01,120246291786110686,ACTIVE,100,2.2899999999999996,40,1,1,0,0,0
01,120249863261790065,ACTIVE,120,2.27,63,1,1,0,0,0
01,120249580568610561,ACTIVE,87,2.26,78,0,1,0,0,0
01,120250011342400589,ACTIVE,800,2.25,45,1,1,0,0,0
01,120245514271720065,ACTIVE,115,2.23,54,3,3,0,0,0
01,120240258763950179,ACTIVE,130,2.22,60,1,1,0,0,0
01,120248464770270509,ACTIVE,500,2.22,90,2,3,0,0,0
01,120248732700550455,ACTIVE,112,2.21,78,1,1,1,0,0
01,120247105534220320,ACTIVE,100,2.19,70,2,1,0,0,0
01,120247866597170389,ACTIVE,100,2.19,50,1,1,0,0,0
01,120247691493450032,ACTIVE,141,2.17,67,6,5,0,0,0
01,120244643680750544,ACTIVE,80,2.17,75,1,2,0,0,0
01,120246971854000474,ACTIVE,120,2.14,23,1,1,0,0,0
01,120248574839550695,ACTIVE,250,2.12,109,3,3,1,0,0
01,120251394564450174,ACTIVE,80,2.11,26,0,0,0,0,0
01,120245516609390788,ACTIVE,100,2.1,31,2,2,0,0,0
01,120248416747190708,ACTIVE,195,2.1,34,1,1,1,1,29.94
01,120252269835990722,ACTIVE,80,2.09,35,2,2,0,0,0
01,52523378501899,ACTIVE,100,2.09,27,0,0,0,0,0
01,120250307526160100,ACTIVE,500,2.08,58,1,2,0,0,0
01,120244030391670490,ACTIVE,30,2.08,14,0,0,0,0,0
01,120249325809440389,ACTIVE,100,2.08,86,1,2,0,0,0
01,120246229939410436,ACTIVE,100,2.0700000000000003,94,2,3,0,0,0
01,120247680102270175,ACTIVE,195,2.07,190,4,2,1,0,0
01,120248647099960509,ACTIVE,240,2.06,48,1,2,0,0,0
01,120249484643420425,ACTIVE,100,2.06,46,1,1,0,0,0
01,120245327669090320,ACTIVE,120,2.02,34,1,2,0,0,0
01,120247215908320172,ACTIVE,200,2.02,49,1,2,0,0,0
01,120244813077130146,ACTIVE,100,2.02,21,0,0,0,0,0
01,120246733876960065,ACTIVE,80,1.9900000000000002,28,0,1,0,0,0
01,120249356231560425,ACTIVE,100,1.99,54,2,1,1,1,63.96999999999999
01,120245477531130129,ACTIVE,100,1.98,60,2,2,0,0,0
01,120247426861210031,ACTIVE,80,1.94,45,1,1,0,0,0
01,120248337355660206,ACTIVE,100,1.9300000000000002,37,0,1,0,0,0
01,23858399785300799,ACTIVE,100,1.93,22,1,1,0,0,0
01,120248975012510303,ACTIVE,40,1.91,29,0,0,0,0,0
01,120248800208810303,ACTIVE,80,1.8900000000000001,48,0,0,0,0,0
01,120250668216750603,ACTIVE,80,1.89,14,0,0,0,0,0
01,120249780801750065,ACTIVE,120,1.8599999999999999,28,2,2,0,0,0
01,120246456808530686,ACTIVE,80,1.8599999999999999,42,1,1,0,0,0
01,120251465994490577,ACTIVE,80,1.84,78,1,1,0,0,0
01,120250202122840116,ACTIVE,100,1.83,29,0,0,0,0,0
01,120244486723120436,ACTIVE,100,1.83,99,1,2,0,0,0
01,120249286682560368,ACTIVE,150,1.8199999999999998,80,1,1,0,0,0
01,120248388520260291,ACTIVE,200,1.81,46,2,2,0,0,0
01,120249111980100065,ACTIVE,100,1.8,59,0,2,0,0,0
01,120247258927520533,ACTIVE,100,1.7999999999999998,51,0,0,0,0,0
01,120248734905220544,ACTIVE,80,1.78,22,1,1,0,0,0
01,120248574839520695,ACTIVE,200,1.76,55,0,0,0,0,0
01,120246843188440752,ACTIVE,100,1.7400000000000002,68,0,0,0,0,0
01,120249285560020695,ACTIVE,100,1.73,53,2,2,0,0,0
01,120246457840650686,ACTIVE,80,1.72,7,0,0,0,0,0
01,120249121356880642,ACTIVE,100,1.72,53,0,1,0,0,0
01,120250629224620319,ACTIVE,170,1.72,63,1,2,0,0,0
01,120246299672680751,ACTIVE,115,1.71,32,2,1,0,0,0
01,120235701428400210,ACTIVE,200,1.71,40,0,0,0,0,0
01,120248967678370303,ACTIVE,40,1.69,23,2,1,0,0,0
01,120250668289400603,ACTIVE,80,1.69,14,0,0,0,0,0
01,120249999663760100,ACTIVE,100,1.66,38,1,0,0,0,0
01,120246931507190320,ACTIVE,120,1.66,66,0,2,0,0,0
01,120249648539760544,ACTIVE,100,1.65,49,0,0,0,0,0
01,120246852067760630,ACTIVE,80,1.6400000000000001,43,0,0,0,0,0
01,120250103132060695,ACTIVE,80,1.64,50,0,0,0,0,0
01,120250887160610127,ACTIVE,100,1.6300000000000001,14,0,1,1,1,60.47
01,120249093218690425,ACTIVE,100,1.62,49,2,3,0,0,0
01,120244270293390320,ACTIVE,120,1.62,52,1,1,0,0,0
01,120248424742670214,ACTIVE,220,1.62,55,2,3,1,1,46.72
01,120249266711770425,ACTIVE,170,1.6,51,2,3,0,0,0
01,120249671720930152,ACTIVE,80,1.59,13,0,0,0,0,0
01,120248927739830303,ACTIVE,120,1.5699999999999998,33,4,4,0,0,0
01,120245837521970436,ACTIVE,100,1.56,73,1,1,0,0,0
01,120248151966110006,ACTIVE,80,1.5599999999999998,44,1,1,0,0,0
01,52523378503899,ACTIVE,100,1.54,34,3,5,0,0,0
01,120250153634770116,ACTIVE,180,1.53,59,0,1,1,1,69.72
01,120249793088660168,ACTIVE,100,1.53,27,0,0,0,0,0
01,120249238610320065,ACTIVE,135,1.53,34,1,1,0,0,0
01,120246513499500780,ACTIVE,80,1.52,41,3,4,0,0,0
01,120249786479970065,ACTIVE,229,1.52,41,2,2,1,1,49.52
01,120250356570030100,ACTIVE,50,1.5099999999999998,15,0,0,0,0,0
01,120252182229950450,ACTIVE,100,1.48,56,2,2,0,0,0
01,120250250795130229,ACTIVE,185,1.48,61,1,0,0,0,0
01,120247924205270214,ACTIVE,85,1.47,39,2,2,0,0,0
01,120248570625820214,ACTIVE,130,1.46,26,0,0,0,0,0
01,120248442735500509,ACTIVE,80,1.46,80,0,0,0,0,0
01,120249584109250469,ACTIVE,100,1.46,30,2,3,1,1,28.979999999999997
01,120249807220650152,ACTIVE,80,1.46,82,1,0,0,0,0
01,120248571162820214,ACTIVE,130,1.43,26,1,1,0,0,0
01,120251465994660577,ACTIVE,80,1.43,44,2,1,0,0,0
01,120246402943010533,ACTIVE,100,1.42,37,3,3,0,0,0
01,120245899907890065,ACTIVE,115,1.4,35,1,2,0,0,0
01,120251394403710174,ACTIVE,80,1.4,26,0,0,0,0,0
01,120253455387470054,ACTIVE,100,1.3800000000000001,31,2,2,0,0,0
01,120252301917290368,ACTIVE,100,1.38,26,1,1,0,0,0
01,120246901356730172,ACTIVE,135,1.3599999999999999,34,0,1,0,0,0
01,120246243213280686,ACTIVE,100,1.34,31,1,2,0,0,0
01,120249671961090152,ACTIVE,100,1.3299999999999998,20,1,1,0,0,0
01,120248361160970477,ACTIVE,100,1.31,10,1,1,0,0,0
01,120249405049350425,ACTIVE,100,1.31,27,2,6,0,0,0
01,120249765049480152,ACTIVE,120,1.31,25,1,1,0,0,0
01,120251588323360577,ACTIVE,80,1.3,21,0,1,0,0,0
01,120246471244780065,ACTIVE,229,1.29,45,0,0,0,0,0
01,120250558611510100,ACTIVE,300,1.29,76,1,3,0,0,0
01,120248842978890462,ACTIVE,264,1.29,40,2,3,0,0,0
01,120250186073630319,ACTIVE,100,1.28,43,2,2,0,0,0
01,120245481989400065,ACTIVE,40,1.28,30,0,1,0,0,0
01,120254652623550012,ACTIVE,50,1.27,15,0,0,0,0,0
01,120246928447770752,ACTIVE,300,1.27,35,0,0,0,0,0
01,120251394711360174,ACTIVE,80,1.27,20,0,0,0,0,0
01,120252717538910404,ACTIVE,113,1.27,21,0,0,0,0,0
01,120247679273790674,ACTIVE,150,1.24,40,0,0,0,0,0
01,120248012782330065,ACTIVE,127,1.24,43,0,1,0,0,0
01,120246471244730065,ACTIVE,229,1.23,43,0,0,0,0,0
01,120248683438120509,PAUSED,100,1.22,40,0,0,0,0,0
01,120248563890830642,ACTIVE,120,1.21,28,0,0,0,0,0
01,120248571162920214,ACTIVE,130,1.21,37,1,2,0,0,0
01,120248560991980642,ACTIVE,100,1.2,29,1,1,0,0,0
01,120250668289390603,ACTIVE,80,1.2,11,0,0,0,0,0
01,120253460918680054,ACTIVE,100,1.19,35,2,1,0,0,0
01,120248967678300303,ACTIVE,40,1.19,31,0,1,0,0,0
01,120249819292400663,ACTIVE,100,1.18,18,0,0,0,0,0
01,120247519982390097,ACTIVE,152,1.17,33,0,0,0,0,0
01,120248571011250214,ACTIVE,130,1.15,40,1,1,0,0,0
01,120247643818970590,ACTIVE,100,1.15,32,1,1,0,0,0
01,120248641584020509,ACTIVE,80,1.1400000000000001,78,2,2,0,0,0
01,120245889270610065,ACTIVE,40,1.13,29,0,0,0,0,0
01,120246023777450751,ACTIVE,300,1.12,30,0,2,1,0,0
01,120242746886630788,ACTIVE,100,1.12,33,1,2,0,0,0
01,120249786530980065,ACTIVE,80,1.12,19,3,3,2,2,99.04
01,120245504145510146,ACTIVE,100,1.1199999999999999,24,0,0,0,0,0
01,120244924434950146,ACTIVE,100,1.1199999999999999,79,2,3,0,0,0
01,120250142532660042,ACTIVE,50,1.11,13,0,0,0,0,0
01,120251788791190404,ACTIVE,100,1.09,23,0,0,0,0,0
01,120249535727510116,ACTIVE,100,1.09,43,0,0,0,0,0
01,120250445767170166,ACTIVE,50,1.08,23,1,2,0,0,0
01,120251725496440057,ACTIVE,100,1.08,14,0,0,0,0,0
01,120235701428420210,ACTIVE,200,1.08,27,0,0,0,0,0
01,120252584622890404,ACTIVE,100,1.07,9,1,1,0,0,0
01,120248646772830509,PAUSED,100,1.07,42,1,1,0,0,0
01,120246733877000065,ACTIVE,80,1.06,22,0,1,0,0,0
01,120248832877240168,ACTIVE,196,1.06,33,0,1,0,0,0
01,120249807315540152,ACTIVE,80,1.06,35,1,2,0,0,0
01,120247336167910474,ACTIVE,100,1.05,30,0,2,1,0,0
01,120249544944710561,ACTIVE,100,1.04,79,0,1,1,1,41.97
01,120249368056430564,ACTIVE,80,1.02,31,0,1,0,0,0
01,120250200101610100,ACTIVE,100,1.02,35,3,1,0,0,0
01,120248428303370214,ACTIVE,50,1.01,39,1,1,0,0,0
01,120246939922390780,ACTIVE,80,1,21,2,1,0,0,0
01,120254652623570012,ACTIVE,50,1,17,0,0,0,0,0
01,120245889270720065,ACTIVE,40,1,45,0,1,0,0,0
01,120250079096940127,ACTIVE,100,1,8,0,0,0,0,0
01,120244430700860708,ACTIVE,245,0.99,23,2,2,0,0,0
01,120246163131840788,ACTIVE,50,0.97,9,2,1,0,0,0
01,120249021714300389,ACTIVE,100,0.96,37,3,2,1,0,0
01,120247244150820650,ACTIVE,100,0.96,15,3,3,0,0,0
01,120249539339830561,ACTIVE,87,0.96,18,2,2,1,1,41.97
01,120251659288280166,ACTIVE,30,0.9500000000000001,22,1,1,0,0,0
01,120246733901990065,ACTIVE,80,0.94,12,1,1,0,0,0
01,120249651790050544,ACTIVE,80,0.9299999999999999,34,1,1,0,0,0
01,120248578411800084,ACTIVE,100,0.9299999999999999,10,0,0,0,0,0
01,120248304803400065,ACTIVE,50,0.9299999999999999,22,1,1,0,0,0
01,120247666675970677,ACTIVE,100,0.92,16,0,0,0,0,0
01,120248854111730206,ACTIVE,100,0.9,18,0,0,0,0,0
01,120250519148850127,ACTIVE,100,0.88,5,0,0,0,0,0
01,120249480059500561,ACTIVE,100,0.8799999999999999,31,1,1,0,0,0
01,120249344116310065,ACTIVE,100,0.87,16,1,1,1,0,0
01,120246983939560320,ACTIVE,100,0.86,35,0,0,0,0,0
01,120247316158380172,ACTIVE,80,0.86,25,0,0,0,0,0
01,120245456734710146,ACTIVE,100,0.85,15,0,0,0,0,0
01,120249481659380561,ACTIVE,100,0.85,40,2,2,0,0,0
01,120246523843370125,ACTIVE,80,0.8400000000000001,24,1,2,1,1,39.98
01,120248764599250589,ACTIVE,100,0.8300000000000001,29,1,2,0,0,0
01,120248625932250043,ACTIVE,80,0.83,24,0,0,0,0,0
01,120249232068930561,ACTIVE,100,0.83,18,0,0,0,0,0
01,120245251316060477,ACTIVE,100,0.82,19,0,0,0,0,0
01,120251047356610589,ACTIVE,165,0.81,13,0,1,0,0,0
01,120249545634930561,ACTIVE,200,0.8,36,1,1,0,0,0
01,120248563556880084,ACTIVE,50,0.8,28,1,2,0,0,0
01,120249020749590065,ACTIVE,50,0.79,25,0,0,0,0,0
01,120248415387920090,ACTIVE,167,0.79,18,3,2,1,1,36.94
01,120259393303980586,ACTIVE,30,0.79,47,1,1,0,0,0
01,120243892555480490,ACTIVE,30,0.79,8,0,0,0,0,0
01,120249100983530561,ACTIVE,100,0.78,14,0,0,0,0,0
01,120249107649200126,ACTIVE,100,0.78,12,0,0,0,0,0
01,120247243911920650,ACTIVE,100,0.76,9,3,1,0,0,0
01,6998743229226,ACTIVE,50,0.75,24,0,0,0,0,0
01,120245848127430707,ACTIVE,200,0.75,21,0,0,0,0,0
01,120246024108390751,ACTIVE,300,0.75,27,0,0,0,0,0
01,120246299721450751,ACTIVE,195,0.71,26,1,2,0,0,0
01,120248709393500090,ACTIVE,120,0.71,17,0,0,0,0,0
01,120248735036310642,ACTIVE,100,0.7,26,0,0,0,0,0
01,120246232598650090,ACTIVE,154,0.69,32,1,2,0,0,0
01,120248541516690291,PAUSED,200,0.68,8,0,0,0,0,0
01,120250516463810100,ACTIVE,50,0.68,24,0,0,0,0,0
01,120252589978050166,ACTIVE,100,0.6799999999999999,27,1,3,0,0,0
01,120249545895050561,ACTIVE,100,0.66,51,0,0,0,0,0
01,120249863194110065,ACTIVE,80,0.65,16,1,1,0,0,0
01,120247981166240090,ACTIVE,100,0.64,29,0,1,0,0,0
01,120252936497010166,ACTIVE,30,0.63,13,0,0,0,0,0
01,120244164847370788,ACTIVE,50,0.63,12,0,0,0,0,0
01,120247666676510677,ACTIVE,100,0.63,10,0,0,0,0,0
01,120249020749560065,ACTIVE,50,0.61,25,1,0,1,1,29.98
01,120250515613480100,ACTIVE,50,0.61,17,0,0,0,0,0
01,120250142532700042,ACTIVE,50,0.61,14,0,1,0,0,0
01,120251394403690174,ACTIVE,80,0.6,18,0,0,0,0,0
01,120248778321400090,ACTIVE,130,0.59,21,1,1,0,0,0
01,120248563590520084,ACTIVE,100,0.59,19,0,2,0,0,0
01,120249304487320561,ACTIVE,68,0.59,33,0,0,0,0,0
01,120259393304150586,ACTIVE,30,0.58,26,1,1,0,0,0
01,120247137870610032,ACTIVE,100,0.58,16,1,1,0,0,0
01,120250735822290725,ACTIVE,100,0.57,39,0,0,0,0,0
01,120247735898240097,ACTIVE,80,0.57,29,0,0,0,0,0
01,120248641457110509,ACTIVE,80,0.56,29,0,0,0,0,0
01,120250735893500725,ACTIVE,100,0.55,19,0,1,0,0,0
01,120249516466840544,ACTIVE,80,0.54,23,0,0,0,0,0
01,120245044044870686,ACTIVE,100,0.54,6,0,0,0,0,0
01,120249008737320561,ACTIVE,144,0.52,15,1,1,0,0,0
01,120252936497030166,ACTIVE,30,0.52,14,2,2,1,0,0
01,120249900332620065,ACTIVE,100,0.52,13,2,3,0,0,0
01,120249807220570152,ACTIVE,80,0.51,26,0,1,0,0,0
01,120249300729750589,ACTIVE,200,0.5,26,1,1,0,0,0
01,120252191525360210,ACTIVE,200,0.5,27,1,1,0,0,0
01,120247131790900470,ACTIVE,80,0.48,48,1,1,1,0,0
01,120248895819210303,ACTIVE,50,0.46,13,0,0,0,0,0
01,120246827300650780,ACTIVE,80,0.43,20,0,0,0,0,0
01,120246808176070320,ACTIVE,120,0.43,44,0,0,0,0,0
01,120246523842990125,ACTIVE,80,0.42000000000000004,18,0,0,0,0,0
01,120246408526190686,ACTIVE,100,0.42,7,0,0,0,0,0
01,120248563590750084,ACTIVE,50,0.41000000000000003,9,0,0,0,0,0
01,120246440355140780,ACTIVE,80,0.41,27,1,1,0,0,0
01,120257843668650586,ACTIVE,25,0.41,11,0,0,0,0,0
01,120247476544560470,ACTIVE,10,0.4,12,0,0,0,0,0
01,120246457583950686,ACTIVE,80,0.4,11,0,0,0,0,0
01,120251394711430174,ACTIVE,80,0.39,6,0,2,0,0,0
01,120247516592800470,ACTIVE,10,0.39,7,0,0,0,0,0
01,120248865914260303,ACTIVE,40,0.39,17,0,1,0,0,0
01,120248287670480214,ACTIVE,130,0.38,27,1,1,0,0,0
01,6973002165426,ACTIVE,50,0.38,9,0,0,0,0,0
01,120252205063890166,ACTIVE,30,0.37,8,0,1,0,0,0
01,120248736827310090,ACTIVE,188,0.37,8,0,0,0,0,0
01,120245087420500146,ACTIVE,100,0.37,18,1,1,0,0,0
01,120248690643620090,ACTIVE,265,0.36,15,1,2,0,0,0
01,120244242496990780,ACTIVE,100,0.35,16,0,2,1,0,0
01,120248715816730090,ACTIVE,325,0.34,15,0,0,0,0,0
01,120246162518690788,ACTIVE,50,0.34,28,1,1,0,0,0
01,120247011370610177,ACTIVE,100,0.32,23,1,1,0,0,0
01,120246440557020780,ACTIVE,80,0.32,22,0,0,0,0,0
01,120252392644570722,ACTIVE,40,0.32,6,0,0,0,0,0
01,120248304803930065,ACTIVE,50,0.31,15,0,0,0,0,0
01,120248452492430509,ACTIVE,100,0.31,20,0,0,0,0,0
01,120250518458320127,ACTIVE,100,0.3,8,0,1,0,0,0
01,120250353178530351,ACTIVE,80,0.28,19,0,0,0,0,0
01,120247516592700470,ACTIVE,10,0.27,4,0,0,0,0,0
01,120250191441070663,ACTIVE,100,0.26,6,0,0,0,0,0
01,120247407289380474,ACTIVE,80,0.26,9,1,1,0,0,0
01,120247476545030470,ACTIVE,10,0.25,4,1,1,0,0,0
01,120249937138090048,ACTIVE,200,0.25,6,1,1,0,0,0
01,120247215908240172,ACTIVE,50,0.23,2,0,0,0,0,0
01,120246676754100650,ACTIVE,100,0.22999999999999998,7,1,3,0,0,0
01,120246457630600686,ACTIVE,80,0.22,8,0,0,0,0,0
01,120249453863770425,ACTIVE,100,0.22,4,0,0,0,0,0
01,120249142031310564,PAUSED,80,0.21,14,0,0,0,0,0
01,120248683494080509,PAUSED,100,0.2,4,0,0,0,0,0
01,120245503809280146,ACTIVE,100,0.19,9,0,0,0,0,0
01,120249724530900152,ACTIVE,80,0.18,6,0,0,0,0,0
01,120245980788570752,ACTIVE,100,0.15,3,0,0,0,0,0
01,120243892590430490,ACTIVE,30,0.14,15,0,0,0,0,0
01,120250614907150319,ACTIVE,25,0.13,3,0,0,0,0,0
01,120250429106640100,ACTIVE,100,0.13,11,1,1,0,0,0
01,120248421333780477,ACTIVE,100,0.13,10,0,1,0,0,0
01,120250489914960351,ACTIVE,80,0.13,17,0,0,0,0,0
01,120244030440450490,ACTIVE,30,0.12,9,0,0,0,0,0
01,120252590102520166,ACTIVE,20,0.12,5,0,0,0,0,0
01,120244030328950490,ACTIVE,30,0.11000000000000001,3,0,0,0,0,0
01,120247516592720470,ACTIVE,10,0.11,2,0,0,0,0,0
01,120245481989440065,ACTIVE,40,0.1,11,0,0,0,0,0
01,120246456808760686,ACTIVE,80,0.1,2,0,0,0,0,0
01,120251997719170404,ACTIVE,100,0.1,4,0,0,0,0,0
01,120252301916990368,ACTIVE,50,0.09,10,0,0,0,0,0
01,120249899625840065,ACTIVE,94,0.08,3,0,0,0,0,0
01,120247476544590470,ACTIVE,10,0.08,3,1,1,0,0,0
01,120249899625770065,ACTIVE,94,0.07,5,0,0,0,0,0
01,120246457864390686,ACTIVE,80,0.060000000000000005,2,0,0,0,0,0
01,120246162660770788,ACTIVE,50,0.060000000000000005,9,0,0,0,0,0
01,120248444826180167,ACTIVE,80,0.06,3,0,0,0,0,0
01,120245218353240788,ACTIVE,50,0.06,1,0,0,0,0,0
01,120251063106910166,ACTIVE,20,0.05,1,0,0,0,0,0
01,120249455686540425,ACTIVE,100,0.04,2,0,0,0,0,0
01,120249120674110404,ACTIVE,300,0.03,3,0,0,0,0,0
01,120246935804970630,ACTIVE,80,0.03,2,0,0,0,0,0
01,120247410623640470,ACTIVE,10,0.02,1,0,0,0,0,0
01,120246098209220686,ACTIVE,111,0.02,1,0,0,0,0,0
01,120252537827870450,ACTIVE,80,0.02,2,0,0,0,0,0
01,120247476544900470,ACTIVE,10,0.02,1,0,0,0,0,0
01,120247476544490470,ACTIVE,10,0.01,1,0,0,0,0,0
01,120251070317300589,ACTIVE,100,0.01,17,0,1,0,0,0
01,120247410623510470,ACTIVE,10,0.01,1,0,0,0,0,0
01,120250347362280229,ACTIVE,80,0,0,0,0,0,0,0
01,120250348875140229,ACTIVE,80,0,0,0,0,0,0,0
01,120245559170180129,ACTIVE,100,0,0,0,0,0,0,0
01,120250348875890229,ACTIVE,80,0,0,0,2,1,0,0
01,120245559170210129,ACTIVE,100,0,0,0,0,0,0,0
01,120245559357770129,ACTIVE,100,0,0,0,0,0,0,0
01,120245559357850129,ACTIVE,100,0,0,0,0,0,0,0
01,120246266411970436,ACTIVE,100,0,0,0,0,0,0,0
01,120246266411800436,ACTIVE,100,0,0,0,0,0,0,0
01,120246266385410436,ACTIVE,100,0,0,0,0,0,0,0
01,120249469790900564,ACTIVE,80,0,0,0,0,0,0,0
01,120252471912120651,ACTIVE,20,0,0,0,0,0,0,0
01,120252471912540651,ACTIVE,20,0,0,0,0,0,0,0
01,120246266385280436,ACTIVE,100,0,0,0,0,0,0,0
01,120249469790970564,ACTIVE,80,0,0,0,0,0,0,0
01,120250109955700695,ACTIVE,100,0,0,0,0,0,0,0
01,120252589978110166,ACTIVE,20,0,1,0,0,0,0,0
01,120246266356680436,ACTIVE,100,0,0,0,0,0,0,0
01,120247583319740586,PAUSED,100,0,0,0,1,0,0,0
01,120246266356520436,ACTIVE,100,0,0,0,0,0,0,0
01,120252672548840450,ACTIVE,80,0,0,0,0,0,0,0
01,120252672549030450,ACTIVE,80,0,0,0,0,0,0,0
01,120246266339360436,ACTIVE,100,0,0,0,0,0,0,0
01,120246266339290436,ACTIVE,100,0,0,0,0,0,0,0
01,120246040085600751,PAUSED,300,0,0,0,1,0,0,0
01,120252801855730709,ACTIVE,80,0,0,0,0,0,0,0
01,120252801855800709,ACTIVE,80,0,0,0,0,0,0,0
01,120252802300650709,ACTIVE,80,0,0,0,0,0,0,0
01,120252802300820709,ACTIVE,80,0,0,0,0,0,0,0
01,120246266263700436,ACTIVE,100,0,0,0,0,0,0,0
01,120247200503920320,ACTIVE,1,0,1,0,0,0,0,0
01,120246266263660436,ACTIVE,100,0,0,0,0,0,0,0
01,120250780546840725,ACTIVE,100,0,0,0,0,0,0,0
01,120248683494180509,PAUSED,100,0,0,0,0,0,0,0
01,120250780888760725,ACTIVE,100,0,0,0,0,0,0,0
01,120248683438050509,PAUSED,100,0,0,0,0,0,0,0
01,120248683357150509,PAUSED,100,0,0,0,0,0,0,0
01,120248683357130509,PAUSED,100,0,0,0,0,0,0,0
01,120250780888720725,ACTIVE,100,0,0,0,0,0,0,0
01,120249638368480469,ACTIVE,80,0,0,0,0,0,0,0
01,120248683330270509,PAUSED,100,0,0,0,0,0,0,0
01,120249638368510469,ACTIVE,80,0,0,0,0,0,0,0
01,120248683330180509,PAUSED,100,0,0,0,0,0,0,0
01,120249639088660469,ACTIVE,80,0,0,0,0,0,0,0
01,120250780866490725,ACTIVE,100,0,0,0,0,0,0,0
01,120250780851280725,ACTIVE,100,0,0,0,0,0,0,0
01,120249718834580354,ACTIVE,80,0,0,0,0,0,0,0
01,120249718834510354,ACTIVE,80,0,0,0,0,0,0,0
01,120250780825080725,ACTIVE,100,0,0,0,0,0,0,0
01,120250780786480725,ACTIVE,100,0,0,0,0,0,0,0
01,120250780786450725,ACTIVE,100,0,0,0,0,0,0,0
01,120248629846270043,PAUSED,300,0,0,0,1,0,0,0
01,120249718776930354,ACTIVE,80,0,0,0,0,0,0,0
01,120249718776890354,ACTIVE,80,0,0,0,0,0,0,0
01,120250780748630725,ACTIVE,100,0,0,0,0,0,0,0
01,120250780696310725,ACTIVE,100,0,0,0,0,0,0,0
01,120245559323790129,ACTIVE,100,0,0,0,0,0,0,0
01,120248781337280090,PAUSED,60,0,0,0,0,0,0,0
01,120245559323420129,ACTIVE,100,0,0,0,0,0,0,0
01,120248781389040090,PAUSED,60,0,0,0,0,0,0,0
01,120250347321940229,ACTIVE,80,0,0,0,0,0,0,0
02,120249287169520455,ACTIVE,2014,100.14,2465,61,63,8,3,130.31
02,120244761352230455,ACTIVE,1200,90.25,3053,49,66,6,3,207.95000000000002
02,120250586047790725,ACTIVE,1000,53.760000000000005,2436,34,32,4,3,127.71999999999998
02,120246828454030629,ACTIVE,683,38.2,732,14,15,3,3,187.23
02,120249610130740065,ACTIVE,415,36.1,882,28,31,5,3,109.48
02,120250585951520725,ACTIVE,500,35.97,1653,32,35,6,3,164.9
02,120245334049460065,ACTIVE,680,33.92,553,25,31,3,2,79.5
02,120243986668280589,ACTIVE,500,33.47,637,17,16,1,1,29.979999999999997
02,120244823852300686,ACTIVE,422,33.39,449,18,17,1,1,71.21
02,120242301213710065,ACTIVE,550,31.96,1123,20,25,7,2,59.959999999999994
02,120246299672740751,ACTIVE,510,30.07,706,19,22,1,0,0
02,120243276755660065,ACTIVE,500,28.47,824,17,21,4,1,121.58999999999999
02,120246670033370677,ACTIVE,729,28.450000000000003,1013,9,12,1,0,0
02,120249861202960589,ACTIVE,330,28.08,461,10,11,1,1,49.510000000000005
02,120248722531060455,ACTIVE,344,27.32,668,22,27,2,1,60.41
02,120246852067690630,ACTIVE,405,25.79,601,14,20,2,2,59.96
02,120249729041270065,ACTIVE,462,25.509999999999998,501,17,22,5,4,157.85
02,120244480112510436,ACTIVE,350,24.93,1039,14,15,3,1,68.22
02,120249932722130725,ACTIVE,500,24.88,1185,22,25,3,3,148.10999999999999
02,120248502959590043,ACTIVE,700,24.74,420,18,28,2,2,79.96
02,120253357403430210,ACTIVE,608,24.34,507,11,14,1,1,41.980000000000004
02,120244349823030686,ACTIVE,246,24.18,385,8,12,3,1,29.98
02,120248623149560090,ACTIVE,456,24.08,798,17,16,0,0,0
02,120249076026100642,ACTIVE,500,23.82,565,16,17,1,0,0
02,120250946852160368,ACTIVE,200,23.67,469,10,9,1,1,69.57
02,120250300134890725,ACTIVE,500,23.11,603,14,16,1,1,28.98
02,120241066464020065,ACTIVE,470,22.369999999999997,948,10,14,2,2,79.5
02,120252755939610404,ACTIVE,147,22.1,176,9,12,1,1,41.980000000000004
02,120242301213170065,ACTIVE,300,21.990000000000002,970,6,9,0,0,0
02,120248889381040455,ACTIVE,300,21.979999999999997,1043,16,16,1,1,60.41
02,120249244397090229,ACTIVE,113,21.740000000000002,581,9,8,0,0,0
02,120248166981820509,ACTIVE,500,21.72,639,15,15,0,0,0
02,120245172037500146,ACTIVE,322,21.15,518,22,25,1,0,0
02,120247276536500650,ACTIVE,119,20.62,151,4,6,0,0,0
02,23858457619370799,ACTIVE,300,20.459999999999997,237,7,9,1,1,47.519999999999996
02,120249177863610455,ACTIVE,474,19.21,465,11,14,1,0,0
02,120250623729250057,ACTIVE,100,19.09,103,8,11,2,0,0
02,120245334049540065,ACTIVE,510,19.07,305,8,14,3,3,129.01
02,120250447195790100,ACTIVE,300,19.060000000000002,430,5,8,1,1,90.92999999999999
02,120247114933330177,ACTIVE,100,19,218,4,4,0,0,0
02,120247066173290752,ACTIVE,300,18.61,506,14,15,3,1,44.75
02,120251254946790722,ACTIVE,150,18.55,220,9,13,1,0,0
02,120245942236800686,ACTIVE,230,18.169999999999998,193,4,7,1,0,0
02,120247116782980177,ACTIVE,100,17.63,190,11,8,0,0,0
02,120248416746740708,ACTIVE,215,17.61,354,6,7,1,0,0
02,120250036356910725,ACTIVE,100,17.52,308,8,10,2,2,97.54
02,120244928009900146,ACTIVE,265,17.39,489,9,7,0,0,0
02,120249843765220065,ACTIVE,626,17.060000000000002,377,12,17,4,3,231.28000000000003
02,120250216921880100,ACTIVE,500,16.849999999999998,381,9,10,1,1,52.559999999999995
02,120244079033450320,ACTIVE,300,16.54,534,4,7,1,1,58.77
02,120246710213410090,ACTIVE,325,16.4,436,11,9,1,0,0
02,120248735036530642,ACTIVE,398,16.27,358,3,9,1,0,0
02,120249716393970354,ACTIVE,125,16.27,140,6,6,0,0,0
02,120250156416670100,ACTIVE,500,16.240000000000002,525,11,11,1,1,38.17
02,120248598576010303,ACTIVE,400,16.05,390,11,16,4,1,43.97
02,120244794017770320,ACTIVE,360,16.009999999999998,486,8,7,2,1,58.77
02,120249484643420425,ACTIVE,100,15.91,191,5,6,0,0,0
02,120251621534730577,ACTIVE,88,15.76,167,10,6,2,1,28.98
02,120242031621370065,ACTIVE,229,15.66,384,7,7,3,1,29.98
02,120248609231900509,ACTIVE,500,15.600000000000001,333,8,9,0,0,0
02,120246608238010179,ACTIVE,240,15.420000000000002,379,4,4,0,0,0
02,120248492410110561,ACTIVE,280,15.4,385,7,12,1,1,24.98
02,120250270342280100,ACTIVE,343,15.39,431,11,11,2,2,75.53999999999999
02,120249660368100389,ACTIVE,167,15.38,479,10,6,0,0,0
02,120249823132410048,ACTIVE,300,15.35,277,8,11,0,0,0
02,120246500280680686,ACTIVE,80,15.25,203,9,10,1,1,89.94999999999999
02,120249823132440048,ACTIVE,300,15,343,5,11,0,0,0
02,120251535653980577,ACTIVE,159,14.969999999999999,459,9,12,3,1,28.98
02,120246500280520686,ACTIVE,80,14.8,167,8,7,0,0,0
02,120251621534620577,ACTIVE,88,14.55,210,5,4,0,0,0
02,120248800044910751,ACTIVE,350,14.45,376,4,14,4,4,118.73000000000002
02,120246347471430686,ACTIVE,500,14.4,255,8,9,1,0,0
02,120247116967370177,ACTIVE,100,14.27,182,6,7,1,0,0
02,120248778321400090,ACTIVE,130,14.11,220,8,10,1,1,62.39
02,120250285289280319,ACTIVE,320,14.09,357,9,11,1,0,0
02,120246058017990436,ACTIVE,209,14.079999999999998,644,11,16,0,0,0
02,120244034916020436,ACTIVE,254,14,532,5,7,0,0,0
02,120249141973900564,ACTIVE,200,14,373,7,7,0,0,0
02,120246676754100650,ACTIVE,100,13.969999999999999,185,5,7,0,0,0
02,120250458262110365,ACTIVE,60,13.94,104,0,0,0,0,0
02,120248184540550090,ACTIVE,225,13.92,420,16,20,2,1,36.94
02,120258931690100586,ACTIVE,100,13.809999999999999,242,6,6,1,0,0
02,120246408526110686,ACTIVE,311,13.700000000000001,285,11,10,3,2,81.2
02,120247584490940320,ACTIVE,223,13.620000000000001,394,6,6,0,0,0
02,120246188701000686,ACTIVE,500,13.57,290,8,9,2,1,71.2
02,120250210018830100,ACTIVE,300,13.52,334,2,3,1,1,22.98
02,120250466943310577,ACTIVE,102,13.52,181,10,8,2,2,96.33999999999999
02,120249110988580455,ACTIVE,236,13.46,583,7,8,1,1,60.410000000000004
02,120251597891310577,ACTIVE,100,13.42,245,6,7,1,1,28.98
02,120251097236710589,ACTIVE,96,13.39,215,6,8,0,0,0
02,120248613615540642,ACTIVE,360,13.39,205,5,6,1,0,0
02,120249688791360544,ACTIVE,80,13.370000000000001,215,2,2,0,0,0
02,120250942814310577,ACTIVE,100,13.370000000000001,431,16,13,3,1,28.98
02,120245382821930146,ACTIVE,500,13.340000000000002,473,4,4,1,0,0
02,120247380152830677,ACTIVE,515,13.259999999999998,445,5,5,0,0,0
02,120249688832310544,ACTIVE,80,13.25,216,3,3,0,0,0
02,120250337858370100,ACTIVE,300,13.18,293,13,14,4,1,52.56
02,120249484643470425,ACTIVE,100,13.139999999999999,128,2,3,0,0,0
02,120246808388750320,ACTIVE,270,13.080000000000002,374,17,14,0,0,0
02,120258018661030586,ACTIVE,100,13.07,305,7,9,1,0,0
02,120245205078130630,ACTIVE,432,13.04,460,9,16,0,0,0
02,120250668216720603,ACTIVE,80,12.98,145,5,6,1,0,0
02,120248935062690126,ACTIVE,156,12.95,259,6,6,0,0,0
02,120249688775830544,ACTIVE,80,12.78,226,3,3,1,1,47.52
02,120249688814530544,PAUSED,80,12.67,249,1,1,0,0,0
02,120248151966140006,ACTIVE,80,12.63,383,7,8,2,1,89.78999999999999
02,120250509772850725,ACTIVE,100,12.51,609,13,13,0,0,0
02,120249687202530455,ACTIVE,134,12.51,219,4,3,0,0,0
02,120247733868670674,ACTIVE,150,12.38,243,7,7,1,0,0
02,120247296233760320,ACTIVE,377,12.370000000000001,368,12,14,1,0,0
02,120247495951370752,ACTIVE,81,12.370000000000001,215,7,7,0,0,0
02,120247756760140032,ACTIVE,100,12.36,177,7,6,5,3,110.91999999999999
02,120245400790120686,ACTIVE,500,12.35,286,7,10,1,1,71.21
02,120249688814550544,ACTIVE,80,12.32,236,6,7,1,1,47.52
02,120252799662120709,ACTIVE,90,12.25,173,7,5,2,2,57.099999999999994
02,120249833430270152,ACTIVE,90,12.25,196,3,3,0,0,0
02,120248361654700477,ACTIVE,100,12.13,138,2,3,1,0,0
02,120247643776490241,ACTIVE,200,12.129999999999999,497,10,10,0,0,0
02,120253323556200054,ACTIVE,184,12.040000000000001,230,6,8,0,0,0
02,120247114774530177,ACTIVE,100,11.97,155,4,4,0,0,0
02,120249135138590389,ACTIVE,267,11.75,386,13,13,3,2,69.72
02,120251788791190404,ACTIVE,100,11.74,133,2,3,0,0,0
02,120249348715940642,ACTIVE,125,11.65,170,4,4,0,0,0
02,120247778100360674,ACTIVE,150,11.65,256,4,4,0,0,0
02,120246178929760752,ACTIVE,300,11.639999999999999,310,5,5,1,0,0
02,120249953993750065,ACTIVE,93,11.6,175,4,5,0,0,0
02,120246224052810436,ACTIVE,124,11.59,468,9,8,1,0,0
02,120248306696030509,ACTIVE,321,11.59,446,2,5,0,0,0
02,120249953993870065,ACTIVE,93,11.58,166,2,1,1,0,0
02,120247120490860177,ACTIVE,100,11.49,166,1,1,0,0,0
02,120249563397690389,ACTIVE,113,11.44,404,20,16,1,0,0
02,120251109241560577,ACTIVE,100,11.43,302,16,14,1,0,0
02,120247644108910241,ACTIVE,200,11.370000000000001,426,8,14,1,1,96.22
02,120248564195910090,ACTIVE,210,11.26,306,6,9,1,0,0
02,120246926406810630,ACTIVE,300,11.23,310,4,7,1,0,0
02,120246180855910436,ACTIVE,184,11.120000000000001,451,5,7,1,0,0
02,120246809754490177,ACTIVE,182,11.04,159,2,2,0,0,0
02,120245545524010146,ACTIVE,100,10.93,146,3,4,1,0,0
02,120247116318000177,ACTIVE,100,10.920000000000002,146,4,4,0,0,0
02,120247547590960642,ACTIVE,360,10.91,204,6,7,0,0,0
02,120247660753560677,ACTIVE,124,10.89,260,2,2,0,0,0
02,120250668260570603,ACTIVE,80,10.850000000000001,128,5,5,0,0,0
02,120250576234420100,ACTIVE,74,10.81,135,3,3,0,0,0
02,120247431629500707,ACTIVE,164,10.8,162,5,6,1,0,0
02,120250348875890229,ACTIVE,80,10.690000000000001,154,2,3,1,0,0
02,120253485175620210,ACTIVE,109,10.65,199,3,2,0,0,0
02,120251485464960577,ACTIVE,100,10.620000000000001,263,5,4,1,0,0
02,120248475372230175,ACTIVE,87,10.59,151,8,9,1,0,0
02,120250790045220586,ACTIVE,100,10.59,254,2,4,1,0,0
02,120248850201850065,ACTIVE,133,10.530000000000001,241,4,5,0,0,0
02,120250668289390603,ACTIVE,80,10.5,113,3,6,1,1,66.02000000000001
02,120248861015550389,ACTIVE,100,10.5,394,13,16,1,0,0
02,120249688832390544,ACTIVE,80,10.489999999999998,231,2,3,1,1,47.52
02,120249684118680544,ACTIVE,90,10.48,254,8,9,2,1,47.52
02,120246865117370320,ACTIVE,300,10.47,320,7,9,2,0,0
02,120249580568850561,ACTIVE,87,10.43,237,6,5,0,0,0
02,120251788886810404,ACTIVE,100,10.41,139,4,5,0,0,0
02,120247646194930320,ACTIVE,149,10.34,274,6,6,1,0,0
02,120248575303210167,ACTIVE,80,10.309999999999999,142,4,6,0,0,0
02,120249687203200455,ACTIVE,134,10.29,238,7,6,0,0,0
02,120246976043510780,ACTIVE,80,10.23,154,4,3,0,0,0
02,120249833431960152,ACTIVE,90,10.22,179,4,5,0,0,0
02,120250519148850127,ACTIVE,100,10.2,116,2,5,0,0,0
02,120245514271740065,ACTIVE,195,10.190000000000001,158,9,9,2,2,59.96000000000001
02,120247293642140642,ACTIVE,360,10.19,210,3,4,2,2,75.9
02,120245557729330686,ACTIVE,100,10.18,185,10,13,3,1,29.98
02,120245545523930146,ACTIVE,100,10.120000000000001,176,8,8,2,1,75.22
02,120247461310220752,ACTIVE,270,9.98,204,6,8,2,0,0
02,120246291786180686,ACTIVE,100,9.97,140,1,1,0,0,0
02,120249688929650544,ACTIVE,80,9.92,210,4,6,1,0,0
02,120247096426120177,ACTIVE,100,9.86,130,3,5,0,0,0
02,120251097236590589,ACTIVE,96,9.84,173,1,1,0,0,0
02,120245260142700146,ACTIVE,500,9.81,233,8,8,0,0,0
02,120250668289400603,ACTIVE,80,9.79,122,2,2,0,0,0
02,120247679273790674,ACTIVE,150,9.719999999999999,208,1,1,1,0,0
02,120247683740920320,ACTIVE,110,9.55,227,9,9,1,0,0
02,120249580568610561,ACTIVE,87,9.54,246,4,4,0,0,0
02,120247114933270177,ACTIVE,100,9.530000000000001,150,6,6,0,0,0
02,120250458261990365,ACTIVE,60,9.53,64,3,5,2,1,29.98
02,120250668260600603,ACTIVE,80,9.46,105,3,3,0,0,0
02,120250668216750603,ACTIVE,80,9.4,120,0,2,0,0,0
02,120246411234470686,ACTIVE,80,9.4,93,3,3,0,0,0
02,120248375862190006,ACTIVE,80,9.36,145,7,6,2,1,51.14
02,120247660753630677,ACTIVE,124,9.31,211,1,1,0,0,0
02,120247680102270175,ACTIVE,195,9.25,695,12,15,1,0,0
02,120249516466840544,ACTIVE,80,9.19,179,1,1,0,0,0
02,120248574839520695,ACTIVE,200,9.19,304,1,1,0,0,0
02,120246260582560436,ACTIVE,124,9.15,270,4,4,0,0,0
02,120247751879690032,ACTIVE,119,9.15,196,10,14,2,1,42.97
02,120249172433610425,ACTIVE,163,9.1,143,2,1,0,0,0
02,120251256015310577,ACTIVE,80,9.01,191,1,1,0,0,0
02,120247150219620533,ACTIVE,100,8.96,320,11,13,1,0,0
02,120247389999270241,ACTIVE,550,8.950000000000001,518,5,8,0,0,0
02,120247624307750032,ACTIVE,80,8.930000000000001,271,3,3,0,0,0
02,120250348875140229,ACTIVE,80,8.91,139,1,1,0,0,0
02,120249352658910425,ACTIVE,200,8.91,181,5,7,0,0,0
02,120249242219710126,ACTIVE,156,8.850000000000001,247,4,5,2,2,59.96
02,120247683741070320,ACTIVE,110,8.84,213,2,3,0,0,0
02,120250458261910365,ACTIVE,60,8.83,94,3,3,2,1,51.21
02,120247495951400752,ACTIVE,81,8.809999999999999,200,6,7,2,2,99.93
02,120248479510860214,ACTIVE,130,8.7,175,2,2,1,0,0
02,120248338624550629,ACTIVE,100,8.69,166,5,6,0,0,0
02,120245251316060477,ACTIVE,100,8.66,145,4,5,0,0,0
02,120247303210460752,ACTIVE,300,8.63,299,11,13,3,2,107.92
02,120245284052330686,ACTIVE,80,8.469999999999999,203,4,4,2,1,29.98
02,120248012782330065,ACTIVE,127,8.45,167,6,6,2,2,79.5
02,120244761869100436,ACTIVE,100,8.43,386,9,10,4,1,41.98
02,120245980788570752,ACTIVE,100,8.33,188,3,4,0,0,0
02,23858502721570799,ACTIVE,180,8.31,116,4,2,0,0,0
02,120247614409850674,ACTIVE,521,8.3,177,2,4,0,0,0
02,120246180858520686,ACTIVE,100,8.18,150,5,5,1,1,51.21
02,120250110334530116,ACTIVE,100,8.129999999999999,145,2,4,0,0,0
02,120250307526160100,ACTIVE,500,8.11,213,5,5,0,0,0
02,120249405042580425,ACTIVE,170,8.08,75,4,3,1,0,0
02,120248375862120006,ACTIVE,80,8.04,110,5,5,0,0,0
02,120246733902040065,ACTIVE,80,8.02,92,2,2,0,0,0
02,120248464770270509,ACTIVE,500,8.01,255,6,7,0,0,0
02,52523821661899,ACTIVE,100,7.96,133,6,10,1,1,37.98
02,120246229820600436,ACTIVE,100,7.890000000000001,331,8,7,0,0,0
02,120248975012480303,ACTIVE,40,7.869999999999999,109,4,5,0,0,0
02,120247791798810032,ACTIVE,78,7.869999999999999,185,6,6,0,0,0
02,120245339157220686,ACTIVE,100,7.86,95,0,1,0,0,0
02,120250386214920100,ACTIVE,155,7.8500000000000005,204,4,6,1,1,22.98
02,120245380137820707,ACTIVE,200,7.85,186,6,7,1,1,37.37
02,120250347321940229,ACTIVE,80,7.79,151,6,5,1,1,31.219999999999995
02,120246180858540686,ACTIVE,100,7.79,139,3,3,0,0,0
02,120247284992210533,ACTIVE,90,7.779999999999999,284,8,8,1,1,24.98
02,120247114774470177,ACTIVE,100,7.7299999999999995,131,7,8,3,2,81.2
02,120254652623550012,ACTIVE,50,7.69,69,1,2,0,0,0
02,120245638609160175,ACTIVE,135,7.68,195,8,8,2,0,0
02,120250233675670431,ACTIVE,130,7.609999999999999,212,1,2,0,0,0
02,120246100871360533,ACTIVE,100,7.6000000000000005,423,10,16,0,0,0
02,52523821661299,ACTIVE,100,7.58,149,8,8,1,1,66.02
02,120251394564450174,ACTIVE,80,7.539999999999999,94,2,3,0,0,0
02,120250332385240019,ACTIVE,50,7.51,121,1,2,0,0,0
02,120249236967460564,ACTIVE,100,7.51,162,7,8,0,0,0
02,120247115974900177,ACTIVE,100,7.5,139,7,7,0,0,0
02,120247666675970677,ACTIVE,100,7.470000000000001,173,4,4,1,0,0
02,120245899907660065,ACTIVE,115,7.47,116,3,4,1,0,0
02,120251455146170279,ACTIVE,80,7.469999999999999,95,1,2,0,0,0
02,120248207800680629,ACTIVE,130,7.45,278,2,4,1,0,0
02,120246260582710436,ACTIVE,124,7.390000000000001,233,7,4,1,1,68.23
02,120247759064590032,ACTIVE,100,7.38,214,6,8,0,0,0
02,120251394564900174,ACTIVE,80,7.36,83,3,4,0,0,0
02,120246210137720125,ACTIVE,100,7.3500000000000005,132,6,7,1,0,0
02,120247253400970320,ACTIVE,100,7.33,317,5,4,1,0,0
02,120249222252410065,ACTIVE,100,7.3,134,0,0,0,0,0
02,120247643776520241,ACTIVE,240,7.28,329,2,4,0,0,0
02,120250103132060695,ACTIVE,80,7.26,137,1,0,0,1,92.41000000000001
02,120247691493450032,ACTIVE,141,7.23,193,7,8,0,0,0
02,120245837898990436,ACTIVE,100,7.23,253,3,3,0,0,0
02,120245694161990686,ACTIVE,100,7.18,96,3,2,1,1,51.22
02,120249111980100065,ACTIVE,100,7.08,184,4,4,0,0,0
02,120247392681010097,ACTIVE,441,7.07,235,6,6,2,1,162.42999999999998
02,120250347362280229,ACTIVE,80,7.0600000000000005,118,3,4,0,0,0
02,120246291786110686,ACTIVE,100,7.0600000000000005,128,1,3,0,0,0
02,120246299672680751,ACTIVE,115,7.06,146,5,7,1,0,0
02,120250518458320127,ACTIVE,100,7.04,85,2,4,0,0,0
02,120259351556840586,ACTIVE,80,7,218,6,4,2,2,93.94
02,120250374522140365,ACTIVE,60,7,111,3,3,1,1,29.98
02,120250202122870116,ACTIVE,100,6.970000000000001,152,9,8,0,0,0
02,120248936176310206,ACTIVE,100,6.9,77,3,3,1,0,0
02,120249286682560368,ACTIVE,150,6.880000000000001,228,3,2,0,0,0
02,120246985309150320,ACTIVE,120,6.75,224,1,3,0,0,0
02,120246485397990125,ACTIVE,300,6.7299999999999995,174,8,8,1,0,0
02,120246229939410436,ACTIVE,100,6.71,271,8,8,0,0,0
02,120248388520260291,ACTIVE,200,6.699999999999999,113,6,4,0,0,0
02,120249537081420065,ACTIVE,200,6.6899999999999995,134,1,1,0,0,0
02,120245514271720065,ACTIVE,115,6.6899999999999995,135,7,6,0,0,0
02,120249424111570564,ACTIVE,80,6.65,192,2,4,0,0,0
02,120250079096940127,ACTIVE,100,6.63,75,2,4,1,0,0
02,120248447974370043,ACTIVE,80,6.6,55,1,1,0,0,0
02,120248278827650629,ACTIVE,100,6.58,170,6,10,2,0,0
02,120249229589770695,ACTIVE,200,6.56,197,4,4,1,1,37.980000000000004
02,120252269835990722,ACTIVE,80,6.459999999999999,117,3,3,1,1,38.27
02,120249786479970065,ACTIVE,229,6.4399999999999995,157,4,7,2,2,99.04
02,120250586322820725,ACTIVE,100,6.42,332,6,8,2,1,68.56
02,120246976043440780,ACTIVE,80,6.42,157,3,3,0,0,0
02,120249666979560695,ACTIVE,100,6.419999999999999,262,6,5,0,0,0
02,120251394711430174,ACTIVE,80,6.4,92,4,5,0,0,0
02,120250270945270663,ACTIVE,150,6.38,107,4,4,2,0,0
02,120251465994490577,ACTIVE,80,6.37,246,2,3,0,0,0
02,120245899907890065,ACTIVE,115,6.37,134,2,2,0,0,0
02,120249793088660168,ACTIVE,100,6.36,78,3,4,0,0,0
02,120248424742670214,ACTIVE,220,6.35,181,8,10,2,1,46.72
02,120245837521970436,ACTIVE,100,6.31,278,1,3,0,0,0
02,120248563890890642,ACTIVE,200,6.3,131,5,6,0,0,0
02,120239930892250650,ACTIVE,500,6.28,147,6,5,0,0,0
02,120246755850270533,ACTIVE,101,6.260000000000001,366,10,10,2,0,0
02,120245523851000129,ACTIVE,150,6.25,234,4,5,0,0,0
02,120252393038390368,ACTIVE,80,6.25,156,1,1,1,0,0
02,120247756970630032,ACTIVE,100,6.1899999999999995,155,6,6,1,1,42.97
02,23858502721490799,ACTIVE,280,6.18,89,3,6,1,0,0
02,120245477531130129,ACTIVE,100,6.15,182,7,7,0,0,0
02,120250543650490100,ACTIVE,115,6.140000000000001,211,2,2,0,0,0
02,120249926808710695,ACTIVE,260,6.13,217,5,7,1,0,0
02,120250722702450019,ACTIVE,50,6.11,124,0,0,0,0,0
02,120246919904290533,ACTIVE,100,6.01,220,8,10,1,0,0
02,120253455567510054,ACTIVE,100,6,126,0,1,0,0,0
02,120246733876960065,ACTIVE,80,5.99,78,2,3,1,1,29.98
02,120246575988970179,ACTIVE,130,5.98,154,2,2,0,0,0
02,120249276093860168,ACTIVE,198,5.97,135,4,4,1,1,37.980000000000004
02,120248782069390090,PAUSED,60,5.92,39,1,1,0,0,0
02,120247584490890320,ACTIVE,100,5.89,164,4,2,0,0,0
02,120254652623570012,ACTIVE,50,5.89,65,1,2,0,0,0
02,120250421818450365,ACTIVE,60,5.88,75,1,2,0,0,0
02,120248975012510303,ACTIVE,40,5.82,84,2,4,0,0,0
02,120250865036060319,ACTIVE,100,5.81,109,5,5,0,0,0
02,120248278827710629,ACTIVE,100,5.78,141,5,5,1,1,36.95
02,120249648539760544,ACTIVE,100,5.76,126,2,3,0,0,0
02,120249405261240425,ACTIVE,170,5.75,126,3,3,1,1,69.67
02,120248427377090214,ACTIVE,130,5.699999999999999,125,5,5,1,0,0
02,120246402943010533,ACTIVE,100,5.68,161,3,6,0,0,0
02,120249217032280544,ACTIVE,80,5.66,115,0,0,0,0,0
02,120248647099960509,ACTIVE,240,5.64,133,3,3,0,0,0
02,120247666676510677,ACTIVE,100,5.6,149,4,4,0,0,0
02,120240258763950179,ACTIVE,130,5.5600000000000005,182,5,7,0,0,0
02,120251588323280577,ACTIVE,80,5.5,87,4,5,0,0,0
02,120246243213280686,ACTIVE,100,5.46,143,4,5,0,0,0
02,120249121356880642,ACTIVE,100,5.42,119,2,2,0,0,0
02,120249356231560425,ACTIVE,100,5.41,111,2,1,1,1,63.96999999999999
02,120250690977660725,ACTIVE,100,5.390000000000001,251,3,3,1,1,49.370000000000005
02,120247319362190032,ACTIVE,100,5.370000000000001,123,6,4,1,1,24.98
02,120248539964750462,ACTIVE,60,5.359999999999999,64,3,3,0,0,0
02,120250109955700695,ACTIVE,100,5.32,164,1,1,0,0,0
02,120246345569010686,ACTIVE,100,5.32,92,4,4,0,0,0
02,120248421333780477,ACTIVE,100,5.3100000000000005,143,3,3,2,1,29.98
02,120250142532660042,ACTIVE,50,5.3,41,0,0,0,0,0
02,120246230106530436,ACTIVE,100,5.279999999999999,249,9,7,1,0,0
02,120250011342400589,ACTIVE,800,5.25,114,5,4,1,0,0
02,120250587776530100,ACTIVE,100,5.22,124,0,3,0,0,0
02,120248683494080509,ACTIVE,100,5.22,117,1,6,0,0,0
02,120246023777450751,ACTIVE,300,5.2,111,0,3,2,0,0
02,120247643854790590,ACTIVE,100,5.17,118,2,2,0,0,0
02,120247258927520533,ACTIVE,100,5.140000000000001,176,2,3,0,0,0
02,120248683438120509,ACTIVE,100,5.12,125,1,2,0,0,0
02,120251394403710174,ACTIVE,80,5.11,94,0,0,0,0,0
02,120249480059560561,ACTIVE,100,5.109999999999999,64,1,1,0,0,0
02,120242883956790544,ACTIVE,100,5.08,136,1,1,0,0,0
02,120251394403690174,ACTIVE,80,5.02,92,2,2,1,1,73.41
02,120249584109250469,ACTIVE,100,4.99,120,5,5,1,1,28.979999999999997
02,120250558611510100,ACTIVE,300,4.97,211,3,5,1,0,0
02,120247866597170389,ACTIVE,100,4.96,109,6,5,1,0,0
02,120248499654060043,ACTIVE,110,4.96,90,2,3,1,0,0
02,120249093218690425,ACTIVE,100,4.95,138,5,5,0,0,0
02,120246411190320686,ACTIVE,80,4.93,45,1,2,1,0,0
02,120246901356650172,ACTIVE,100,4.9,116,4,5,1,1,92.3
02,120244486723120436,ACTIVE,100,4.88,252,4,5,0,0,0
02,120248416747190708,ACTIVE,195,4.85,104,1,2,1,1,29.94
02,120246921246130533,ACTIVE,100,4.84,204,5,4,1,1,24.98
02,120248967678370303,ACTIVE,40,4.8100000000000005,70,4,4,0,0,0
02,120244643680750544,ACTIVE,80,4.76,165,4,5,1,0,0
02,120248735036310642,ACTIVE,100,4.74,145,1,1,0,0,0
02,120245306349070462,ACTIVE,170,4.720000000000001,93,4,2,1,1,57.980000000000004
02,120249263984640425,ACTIVE,220,4.71,99,3,3,0,0,0
02,120247653059200586,ACTIVE,25,4.7,109,1,1,1,0,0
02,120249325809440389,ACTIVE,100,4.68,175,3,4,0,0,0
02,120241119247090090,ACTIVE,145,4.67,68,1,1,0,0,0
02,120246971854000474,ACTIVE,120,4.65,52,2,3,1,0,0
02,120247420555310752,ACTIVE,100,4.59,266,4,4,0,0,0
02,120247643818970590,ACTIVE,100,4.58,109,2,4,0,0,0
02,120248734905220544,ACTIVE,80,4.57,70,1,2,0,0,0
02,120246098209220686,ACTIVE,111,4.4799999999999995,43,1,1,0,0,0
02,120251354404600722,ACTIVE,80,4.47,42,3,2,1,1,22.979999999999997
02,120249285560020695,ACTIVE,100,4.46,97,3,3,0,0,0
02,120246733901990065,ACTIVE,80,4.43,81,1,2,0,0,0
02,120251465994660577,ACTIVE,80,4.42,159,2,1,0,0,0
02,120251588323360577,ACTIVE,80,4.39,62,0,1,0,0,0
02,120248967678300303,ACTIVE,40,4.39,75,3,3,0,0,0
02,120244430700860708,ACTIVE,245,4.37,72,2,2,0,0,0
02,120244270293390320,ACTIVE,120,4.33,129,2,2,0,0,0
02,120246471244730065,ACTIVE,229,4.319999999999999,119,1,2,0,0,0
02,120247215908320172,ACTIVE,200,4.3100000000000005,123,1,2,0,0,0
02,120247924205270214,ACTIVE,85,4.279999999999999,101,3,3,0,0,0
02,120248574839550695,ACTIVE,250,4.279999999999999,211,5,7,1,0,0
02,120250445767170166,ACTIVE,50,4.26,113,7,8,2,2,66.15
02,120250588140100100,ACTIVE,100,4.26,100,0,3,0,0,0
02,23858399785300799,ACTIVE,100,4.26,73,2,3,0,0,0
02,120248842978890462,ACTIVE,264,4.1899999999999995,78,5,6,1,0,0
02,120245327669090320,ACTIVE,120,4.16,74,1,3,0,0,0
02,120252936497010166,ACTIVE,20,4.11,49,2,3,1,1,68.15
02,120253455387470054,ACTIVE,100,4.08,77,3,2,0,0,0
02,120248732700550455,ACTIVE,112,4,160,3,2,1,0,0
02,120250865036010319,ACTIVE,100,3.99,88,2,2,0,0,0
02,120246162554840788,ACTIVE,100,3.9800000000000004,206,9,6,1,0,0
02,120247519982390097,ACTIVE,152,3.98,89,1,1,0,0,0
02,120247614409790674,ACTIVE,100,3.97,88,0,3,0,0,0
02,120247105534220320,ACTIVE,100,3.95,133,3,2,0,0,0
02,120250201928850116,ACTIVE,100,3.9400000000000004,55,3,0,0,0,0
02,120250331984600019,ACTIVE,50,3.9000000000000004,126,5,4,0,0,0
02,120245503817640146,ACTIVE,100,3.89,70,1,1,1,0,0
02,120248570625820214,ACTIVE,130,3.88,74,0,0,0,0,0
02,120251394711360174,ACTIVE,80,3.87,70,1,1,0,0,0
02,120249535727510116,ACTIVE,100,3.82,126,0,0,0,0,0
02,120249266711770425,ACTIVE,170,3.82,119,3,3,0,0,0
02,52523378503899,ACTIVE,100,3.8,106,3,5,0,0,0
02,120249100983530561,ACTIVE,100,3.7900000000000005,83,1,3,0,0,0
02,120246440557020780,ACTIVE,80,3.75,84,1,1,0,0,0
02,120249021714300389,ACTIVE,100,3.74,97,5,4,1,0,0
02,120249120674110404,ACTIVE,300,3.7399999999999998,5,0,0,0,0,0
02,120246733877000065,ACTIVE,80,3.72,82,6,6,0,0,0
02,120247426861210031,ACTIVE,80,3.69,80,1,2,0,0,0
02,120259393303980586,ACTIVE,30,3.6799999999999997,121,4,4,1,0,0
02,120248442735500509,ACTIVE,80,3.66,195,2,2,0,0,0
02,120248387124610175,ACTIVE,243,3.66,87,2,3,1,0,0
02,120250153634770116,ACTIVE,180,3.66,136,1,2,1,1,69.72
02,120246931507190320,ACTIVE,120,3.6599999999999997,144,1,2,0,0,0
02,120250092640150663,ACTIVE,120,3.6500000000000004,57,1,1,0,0,0
02,120259393304150586,ACTIVE,30,3.61,104,2,2,0,0,0
02,120250142532700042,ACTIVE,50,3.61,59,1,1,0,0,0
02,120246983939560320,ACTIVE,100,3.6,89,1,2,0,0,0
02,120249863261790065,ACTIVE,120,3.6,116,2,3,0,0,0
02,120249807220650152,ACTIVE,80,3.5999999999999996,151,3,1,0,0,0
02,120248641646890509,ACTIVE,80,3.59,82,1,1,0,0,0
02,120252301917290368,ACTIVE,100,3.5799999999999996,79,2,2,0,0,0
02,120248571162820214,ACTIVE,130,3.5100000000000002,65,1,1,0,0,0
02,120246927326310630,ACTIVE,300,3.49,81,0,1,0,0,0
02,120247325002770564,PAUSED,200,3.47,36,1,1,0,0,0
02,120249780801750065,ACTIVE,120,3.46,78,2,3,0,0,0
02,120246456808530686,ACTIVE,80,3.4399999999999995,74,1,2,0,0,0
02,120246513499500780,ACTIVE,80,3.4299999999999997,72,4,4,0,0,0
02,120252667910240450,PAUSED,94,3.38,39,1,1,0,0,0
02,120248287670480214,ACTIVE,130,3.3600000000000003,102,1,1,0,0,0
02,120246024108390751,ACTIVE,300,3.3100000000000005,81,1,0,0,0,0
02,120249999663760100,ACTIVE,100,3.31,74,1,2,1,1,52.56
02,120253460918680054,ACTIVE,100,3.23,64,2,1,0,0,0
02,120248151966110006,ACTIVE,80,3.21,77,1,1,0,0,0
02,120244813077130146,ACTIVE,100,3.21,51,0,1,0,0,0
02,120246852067760630,ACTIVE,80,3.2,71,1,1,0,0,0
02,120252205063890166,ACTIVE,30,3.1900000000000004,70,1,1,0,0,0
02,120250629224620319,ACTIVE,170,3.19,127,3,3,0,0,0
02,120244924434950146,ACTIVE,100,3.1799999999999997,146,4,5,0,0,0
02,120250200101610100,ACTIVE,100,3.17,97,4,2,0,0,0
02,120248530207740214,ACTIVE,50,3.16,66,0,2,0,0,0
02,120258095185070586,ACTIVE,50,3.15,97,1,1,1,1,28.98
02,120245559170180129,ACTIVE,100,3.08,53,1,3,1,1,41.98
02,120245481989400065,ACTIVE,40,3.07,69,1,2,0,0,0
02,120249368056430564,ACTIVE,80,3.0599999999999996,69,2,3,0,0,0
02,120252936497030166,ACTIVE,30,3.0500000000000003,67,8,7,2,1,24.98
02,120248560991980642,ACTIVE,100,3.05,49,1,2,0,0,0
02,120248690643620090,ACTIVE,265,3.02,59,5,3,0,0,0
02,120250270945240663,ACTIVE,100,3.0100000000000002,56,1,2,0,0,0
02,120248571011250214,ACTIVE,130,3.01,90,2,1,0,0,0
02,120246928447770752,ACTIVE,300,3,76,1,4,1,1,26.98
02,120248641584020509,ACTIVE,80,2.97,146,2,2,0,0,0
02,120250191441070663,ACTIVE,100,2.9699999999999998,67,2,3,0,0,0
02,120249807220570152,ACTIVE,80,2.96,85,2,2,0,0,0
02,120250202122840116,ACTIVE,100,2.96,52,1,3,0,0,0
02,120249765049480152,ACTIVE,120,2.92,50,1,2,0,0,0
02,120245516609390788,ACTIVE,100,2.87,62,3,4,0,0,0
02,120249671720930152,ACTIVE,80,2.87,21,0,0,0,0,0
02,120249807315540152,ACTIVE,80,2.8499999999999996,56,4,3,0,0,0
02,120249008737320561,ACTIVE,144,2.81,67,4,5,1,1,86.94
02,120249900332620065,ACTIVE,100,2.79,37,2,3,0,0,0
02,120250186073630319,ACTIVE,100,2.78,110,6,5,0,0,0
02,120248361160970477,ACTIVE,100,2.7600000000000002,38,2,1,0,0,0
02,120249405049350425,ACTIVE,100,2.75,63,3,6,0,0,0
02,120248337355660206,ACTIVE,100,2.74,61,3,2,0,0,0
02,120250250795130229,ACTIVE,185,2.7199999999999998,132,4,3,0,0,0
02,120245504145510146,ACTIVE,100,2.71,67,0,0,0,0,0
02,120248927739830303,ACTIVE,120,2.7,61,4,4,0,0,0
02,120248625932250043,ACTIVE,80,2.65,48,0,0,0,0,0
02,120246843188440752,ACTIVE,100,2.65,119,0,0,0,0,0
02,120246299721450751,ACTIVE,195,2.63,52,2,3,1,0,0
02,120246901356730172,ACTIVE,135,2.63,75,2,3,0,0,0
02,52523378501899,ACTIVE,100,2.63,44,0,1,0,0,0
02,120248304803400065,ACTIVE,50,2.62,67,2,2,0,0,0
02,120245889270720065,ACTIVE,40,2.5999999999999996,91,3,2,0,0,0
02,120248563556880084,ACTIVE,50,2.5999999999999996,79,2,3,0,0,0
02,120250356570030100,PAUSED,50,2.57,26,2,2,0,0,0
02,120248800208810303,ACTIVE,80,2.52,87,0,2,0,0,0
02,120247336167910474,ACTIVE,100,2.52,57,1,4,1,1,25.979999999999997
02,120252182229950450,ACTIVE,100,2.4699999999999998,89,2,2,0,0,0
02,120250887160610127,ACTIVE,100,2.46,36,1,1,1,1,60.47
02,120249238610320065,ACTIVE,135,2.45,57,1,1,0,0,0
02,120248563890830642,ACTIVE,120,2.4299999999999997,77,1,1,0,0,0
02,120249819292400663,ACTIVE,100,2.42,54,1,1,0,0,0
02,120245889270610065,ACTIVE,40,2.41,96,0,1,0,0,0
02,120245481989440065,ACTIVE,40,2.39,113,2,2,0,0,0
02,120246457840650686,ACTIVE,80,2.39,10,0,0,0,0,0
02,120249020749590065,ACTIVE,50,2.3899999999999997,70,1,1,0,0,0
02,120242746886630788,ACTIVE,100,2.38,79,4,4,0,0,0
02,120249651790050544,ACTIVE,80,2.38,65,1,1,0,0,0
02,120252667910230450,PAUSED,94,2.37,35,1,1,0,0,0
02,120248598591360509,ACTIVE,100,2.37,37,0,0,0,0,0
02,120250515613480100,ACTIVE,50,2.34,32,0,0,0,0,0
02,120244030391670490,ACTIVE,30,2.3000000000000003,20,0,0,0,0,0
02,120248428303370214,ACTIVE,50,2.28,75,4,4,0,0,0
02,120247131790900470,ACTIVE,80,2.27,136,3,3,1,0,0
02,120245559170210129,ACTIVE,100,2.26,33,2,3,0,0,0
02,120248832877240168,ACTIVE,196,2.26,66,1,4,0,0,0
02,120248709393500090,ACTIVE,120,2.1500000000000004,47,0,0,0,0,0
02,120245218353240788,ACTIVE,50,2.15,66,0,1,0,0,0
02,120249786530980065,ACTIVE,80,2.12,45,3,3,2,2,99.04
02,120246808176070320,ACTIVE,120,2.12,138,1,2,0,0,0
02,120246471244780065,ACTIVE,229,2.08,94,0,0,0,0,0
02,120247244150820650,ACTIVE,100,2.06,36,4,4,0,0,0
02,120235701428400210,ACTIVE,200,2.02,58,1,1,1,0,0
02,120250735822290725,ACTIVE,100,2.01,100,1,1,0,0,0
02,120245456734710146,ACTIVE,100,2,45,1,2,0,0,0
02,120252589978050166,ACTIVE,100,2,53,3,3,0,0,0
02,120249344116310065,ACTIVE,100,1.9900000000000002,39,2,2,1,0,0
02,120245848127430707,ACTIVE,200,1.98,50,2,2,0,0,0
02,120249020749560065,ACTIVE,50,1.9100000000000001,62,1,0,1,1,29.98
02,120250614907150319,PAUSED,25,1.9100000000000001,46,0,0,0,0,0
02,120246408526190686,ACTIVE,100,1.9100000000000001,26,1,1,0,0,0
02,120249671961090152,ACTIVE,100,1.9,44,1,1,0,0,0
02,120235701428420210,ACTIVE,200,1.8900000000000001,52,0,1,0,0,0
02,120248571162920214,ACTIVE,130,1.89,55,2,2,0,0,0
02,120249480059500561,ACTIVE,100,1.86,45,2,1,0,0,0
02,120252717538910404,ACTIVE,113,1.8399999999999999,36,0,0,0,0,0
02,120248764599250589,ACTIVE,100,1.8399999999999999,83,3,3,0,0,0
02,120248854111730206,ACTIVE,100,1.83,39,0,0,0,0,0
02,120246523842990125,ACTIVE,80,1.8299999999999998,28,0,0,0,0,0
02,120248641457110509,ACTIVE,80,1.7999999999999998,65,0,0,0,0,0
02,120249481659380561,ACTIVE,100,1.79,62,2,2,0,0,0
02,120248647100040509,ACTIVE,60,1.78,54,0,4,0,0,0
02,120246440355140780,ACTIVE,80,1.7799999999999998,63,1,1,0,0,0
02,6998743229226,ACTIVE,50,1.75,54,0,0,0,0,0
02,120249304487320561,ACTIVE,68,1.71,86,0,0,0,0,0
02,120250516463810100,ACTIVE,50,1.69,53,0,0,0,0,0
02,120251725496440057,ACTIVE,100,1.68,27,0,0,0,0,0
02,120244164847370788,ACTIVE,50,1.67,33,2,1,0,0,0
02,120247243911920650,ACTIVE,100,1.67,21,3,1,0,0,0
02,120247316158380172,ACTIVE,80,1.65,40,0,0,0,0,0
02,120245087420500146,ACTIVE,100,1.56,52,1,1,0,0,0
02,120246232598650090,ACTIVE,154,1.56,62,3,4,1,1,86.35
02,120249107649200126,ACTIVE,100,1.54,27,0,0,0,0,0
02,120246523843370125,ACTIVE,80,1.53,54,2,2,1,1,39.98
02,120249545634930561,ACTIVE,200,1.52,66,1,1,0,0,0
02,120246163131840788,ACTIVE,50,1.46,50,2,1,0,0,0
02,120248578411800084,ACTIVE,100,1.46,24,0,0,0,0,0
02,120247316158420172,ACTIVE,80,1.46,28,0,0,0,0,0
02,120246939922390780,ACTIVE,80,1.45,31,2,1,0,0,0
02,120244030328950490,ACTIVE,30,1.4400000000000002,10,0,0,0,0,0
02,120247735898240097,ACTIVE,80,1.4300000000000002,50,2,3,0,0,0
02,120248304803930065,ACTIVE,50,1.3900000000000001,63,0,0,0,0,0
02,120246456808760686,ACTIVE,80,1.36,14,0,0,0,0,0
02,120246162518690788,ACTIVE,50,1.31,74,1,2,0,0,0
02,120248320516160509,ACTIVE,100,1.3,10,0,1,1,1,49.52
02,120248895819210303,ACTIVE,50,1.27,35,1,1,0,0,0
02,120249300729750589,ACTIVE,200,1.25,57,1,1,0,0,0
02,120249539339830561,ACTIVE,87,1.24,32,2,2,1,1,41.97
02,120251063106910166,ACTIVE,20,1.23,31,1,1,1,1,24.98
02,120249232068930561,ACTIVE,100,1.22,33,0,0,0,0,0
02,120248415387920090,ACTIVE,167,1.22,42,4,4,1,1,36.94
02,120248563590520084,ACTIVE,100,1.19,43,0,2,0,0,0
02,120247011370610177,ACTIVE,100,1.1800000000000002,48,1,1,0,0,0
02,120247778101050674,ACTIVE,80,1.18,40,0,1,0,0,0
02,120247137870610032,ACTIVE,100,1.18,49,3,4,1,0,0
02,120248715816730090,ACTIVE,325,1.1600000000000001,30,1,0,0,0,0
02,120246457583950686,ACTIVE,80,1.1600000000000001,34,2,2,0,0,0
02,120250735893500725,ACTIVE,100,1.15,39,0,1,0,0,0
02,120249544944710561,ACTIVE,100,1.15,121,1,1,1,1,41.97
02,120252594940370166,ACTIVE,30,1.13,23,1,1,0,0,0
02,120246935804970630,ACTIVE,80,1.12,22,0,0,0,0,0
02,120244242496990780,ACTIVE,100,1.0899999999999999,49,1,5,1,0,0
02,120252584622890404,ACTIVE,100,1.07,9,1,1,0,0,0
02,120248646772830509,PAUSED,100,1.07,42,1,1,0,0,0
02,120249455686540425,ACTIVE,100,1.03,20,0,1,0,0,0
02,120249863194110065,ACTIVE,80,1.02,28,1,1,0,0,0
02,120246827300650780,ACTIVE,80,1.01,45,0,2,0,0,0
02,120251659288280166,ACTIVE,30,0.9800000000000001,25,1,1,0,0,0
02,120248452492430509,ACTIVE,100,0.98,50,0,0,0,0,0
02,120243892555480490,ACTIVE,30,0.97,18,1,0,0,0,0
02,120249545895050561,ACTIVE,100,0.96,95,0,0,0,0,0
02,120247407289380474,ACTIVE,80,0.96,19,1,1,0,0,0
02,120252589978110166,ACTIVE,20,0.94,17,1,1,0,0,0
02,120248736827310090,ACTIVE,188,0.94,21,0,0,0,0,0
02,120251047356610589,ACTIVE,165,0.9099999999999999,18,0,1,0,0,0
02,120247733868720674,ACTIVE,80,0.87,27,1,1,0,0,0
02,120252392644570722,ACTIVE,40,0.8400000000000001,14,0,0,0,0,0
02,120247981166240090,ACTIVE,100,0.8200000000000001,37,0,1,0,0,0
02,120252191525360210,ACTIVE,200,0.81,46,1,1,0,0,0
02,120245559357770129,ACTIVE,100,0.81,35,0,0,0,0,0
02,120257843668650586,ACTIVE,25,0.8,21,0,0,0,0,0
02,120250353178530351,ACTIVE,80,0.78,45,1,1,0,0,0
02,120248865914260303,ACTIVE,40,0.78,29,2,2,0,0,0
02,120247215908240172,ACTIVE,50,0.7,13,0,0,0,0,0
02,120248683438050509,ACTIVE,100,0.69,24,0,3,0,0,0
02,120249724530900152,ACTIVE,80,0.68,22,1,0,0,0,0
02,120248541516690291,PAUSED,200,0.68,8,0,0,0,0,0
02,120249937138090048,ACTIVE,200,0.63,15,2,2,0,0,0
02,120247516592700470,ACTIVE,10,0.6100000000000001,9,0,0,0,0,0
02,6973002165426,ACTIVE,50,0.6000000000000001,28,0,0,0,0,0
02,120244030440450490,ACTIVE,30,0.6,13,0,0,0,0,0
02,120248563590750084,ACTIVE,50,0.59,20,0,0,0,0,0
02,120245559357850129,ACTIVE,100,0.59,13,0,0,0,0,0
02,120245044044870686,ACTIVE,100,0.58,8,0,0,0,0,0
02,120245503809280146,ACTIVE,100,0.5700000000000001,24,0,1,0,0,0
02,120247476544510470,ACTIVE,10,0.57,3,0,0,0,0,0
02,120247516592800470,ACTIVE,10,0.53,13,0,1,0,0,0
02,120246457630600686,ACTIVE,80,0.51,18,0,0,0,0,0
02,120247516592950470,ACTIVE,10,0.51,7,0,0,0,0,0
02,120252634303040450,ACTIVE,80,0.5,15,0,0,0,0,0
02,120250429106640100,ACTIVE,100,0.5,29,1,1,0,0,0
02,120243892590430490,ACTIVE,30,0.48,24,0,0,0,0,0
02,120250489914960351,ACTIVE,80,0.45,43,0,0,0,0,0
02,120247476544560470,ACTIVE,10,0.42,14,0,0,0,0,0
02,120247516592890470,ACTIVE,10,0.38,10,0,0,0,0,0
02,120247644108890241,ACTIVE,100,0.36,29,0,0,0,0,0
02,120249899625770065,ACTIVE,94,0.32999999999999996,14,0,0,0,0,0
02,120249899625840065,ACTIVE,94,0.32,8,0,0,0,0,0
02,120252595965290166,ACTIVE,50,0.32,23,0,0,0,0,0
02,120247223966660470,ACTIVE,10,0.29000000000000004,7,0,0,0,0,0
02,120247516592720470,ACTIVE,10,0.27,5,0,0,0,0,0
02,120247476545030470,ACTIVE,10,0.27,5,1,1,0,0,0
02,120248564700900043,ACTIVE,80,0.25,11,0,0,0,0,0
02,120252301916990368,ACTIVE,50,0.25,19,0,0,0,0,0
02,120249453863770425,ACTIVE,100,0.23,5,0,0,0,0,0
02,120247380153090677,ACTIVE,319,0.22,5,0,0,0,0,0
02,120249142031310564,PAUSED,80,0.21,14,0,0,0,0,0
02,120252537827870450,ACTIVE,80,0.2,5,0,0,0,0,0
02,120246457864390686,ACTIVE,80,0.18,5,0,2,0,0,0
02,120248751986080090,ACTIVE,60,0.17,1,0,0,0,0,0
02,120248444826180167,ACTIVE,80,0.16,8,0,1,0,0,0
02,120251997719170404,ACTIVE,100,0.12000000000000001,5,0,0,0,0,0
02,120252590102520166,ACTIVE,20,0.12,5,0,0,0,0,0
02,120249900332560065,ACTIVE,100,0.12,2,0,0,0,0,0
02,120247476544900470,ACTIVE,10,0.11,2,0,0,0,0,0
02,120247476544490470,ACTIVE,10,0.09,4,0,0,0,0,0
02,120247476544590470,ACTIVE,10,0.09,4,1,1,0,0,0
02,120246162660770788,ACTIVE,50,0.07,13,0,0,0,0,0
02,120251070317300589,ACTIVE,100,0.060000000000000005,38,0,2,0,0,0
02,120247410623640470,ACTIVE,10,0.05,2,0,0,0,0,0
02,120250296535810100,ACTIVE,100,0.03,3,0,0,0,0,0
02,120247410623510470,ACTIVE,10,0.01,1,0,0,0,0,0
02,120246754801740509,ACTIVE,100,0.01,1,0,0,0,0,0
02,120245559323790129,PAUSED,100,0,0,0,0,0,0,0
02,120245559323420129,PAUSED,100,0,0,0,0,0,0,0
02,120248781337280090,PAUSED,60,0,0,0,0,0,0,0
02,120248781389040090,PAUSED,60,0,0,0,0,0,0,0
02,120253508014260054,ACTIVE,100,0,0,0,0,0,0,0
02,120254636451530211,ACTIVE,50,0,0,0,0,0,0,0
02,120254636451560211,ACTIVE,50,0,0,0,0,0,0,0
02,120248785655450090,ACTIVE,60,0,0,0,0,0,0,0
02,120249639088660469,ACTIVE,80,0,0,0,0,0,0,0
02,120249638368510469,ACTIVE,80,0,0,0,0,0,0,0
02,120259206976580586,PAUSED,45,0,0,0,1,0,0,0
02,120245031811820436,ACTIVE,105,0,0,0,0,0,0,0
02,120249638368480469,ACTIVE,80,0,0,0,0,0,0,0
02,120249587469350561,ACTIVE,100,0,0,0,0,0,0,0
02,120249587469290561,ACTIVE,100,0,0,0,0,0,0,0
02,120249469790900564,ACTIVE,80,0,0,0,0,0,0,0
02,120249471520300564,ACTIVE,80,0,0,0,0,0,0,0
02,120247439533110474,ACTIVE,80,0,0,0,0,0,0,0
02,120247439526960474,ACTIVE,80,0,0,0,0,0,0,0
02,120250587320660100,ACTIVE,50,0,0,0,0,0,0,0
02,120250587320680100,ACTIVE,50,0,0,0,0,0,0,0
02,120247291277830533,ACTIVE,100,0,0,0,0,0,0,0
02,120247200503920320,ACTIVE,1,0,1,0,0,0,0,0
02,120247583319740586,PAUSED,100,0,0,0,1,0,0,0
02,120247634863390564,PAUSED,150,0,0,0,1,0,0,0
02,120247795962960590,ACTIVE,80,0,0,0,0,0,0,0
02,120250780546840725,ACTIVE,100,0,0,0,0,0,0,0
02,120250780696310725,ACTIVE,100,0,0,0,0,0,0,0
02,120250780748630725,ACTIVE,100,0,0,0,0,0,0,0
02,120250780786450725,ACTIVE,100,0,0,0,0,0,0,0
02,120250780786480725,ACTIVE,100,0,0,0,0,0,0,0
02,120250780825080725,ACTIVE,100,0,0,0,0,0,0,0
02,120250780851280725,ACTIVE,100,0,0,0,0,0,0,0
02,120250780866490725,ACTIVE,100,0,0,0,0,0,0,0
02,120250780888720725,ACTIVE,100,0,0,0,0,0,0,0
02,120250780888760725,ACTIVE,100,0,0,0,0,0,0,0
02,120248442764270509,PAUSED,100,0,0,0,1,0,0,0
02,120250900229290206,ACTIVE,100,0,0,0,0,0,0,0
02,120250940063730319,ACTIVE,100,0,0,0,0,0,0,0
02,120250940063810319,PAUSED,100,0,0,0,0,0,0,0
02,120250940451810319,ACTIVE,100,0,0,0,0,0,0,0
02,120248629846270043,PAUSED,300,0,0,0,1,0,0,0
02,120248664912510043,PAUSED,1071,0,0,0,1,0,0,0
02,120248683330180509,PAUSED,100,0,0,0,0,0,0,0
02,120248683330270509,PAUSED,100,0,0,0,0,0,0,0
02,120248683357130509,PAUSED,100,0,0,0,0,0,0,0
02,120246266411970436,ACTIVE,100,0,0,0,0,0,0,0
02,120246266411800436,ACTIVE,100,0,0,0,0,0,0,0
02,120246266385410436,ACTIVE,100,0,0,0,0,0,0,0
02,120246266385280436,ACTIVE,100,0,0,0,0,0,0,0
02,120246266356680436,ACTIVE,100,0,0,0,0,0,0,0
02,120246266356520436,ACTIVE,100,0,0,0,0,0,0,0
02,120246266339360436,ACTIVE,100,0,0,0,0,0,0,0
02,120246266339290436,ACTIVE,100,0,0,0,0,0,0,0
02,120246266263700436,ACTIVE,100,0,0,0,0,0,0,0
02,120246266263660436,ACTIVE,100,0,0,0,0,0,0,0
02,120248683357150509,PAUSED,100,0,0,0,0,0,0,0
02,120251628733090577,ACTIVE,100,0,0,0,0,0,0,0
02,120251628826790577,ACTIVE,100,0,0,0,0,0,0,0
02,120251628891720577,ACTIVE,100,0,0,0,0,0,0,0
02,120249469790970564,ACTIVE,80,0,0,0,0,0,0,0
02,120246229373670436,PAUSED,100,0,0,0,0,0,0,0
02,120248683494180509,ACTIVE,100,0,0,0,0,0,0,0
02,120248688206340509,ACTIVE,100,0,0,0,0,0,0,0
02,120248688206550509,ACTIVE,100,0,0,0,0,0,0,0
02,120246040085600751,PAUSED,300,0,0,0,1,0,0,0
02,120245987269690436,ACTIVE,100,0,0,0,0,0,0,0
02,120252471912120651,ACTIVE,20,0,0,0,0,0,0,0
02,120252471912540651,ACTIVE,20,0,0,0,0,0,0,0
02,120248718794440043,ACTIVE,80,0,0,0,0,0,0,0
02,120248751986020090,PAUSED,60,0,0,0,0,0,0,0
02,120249718834580354,ACTIVE,80,0,0,0,0,0,0,0
02,120252672548840450,ACTIVE,80,0,0,0,0,0,0,0
02,120252672549030450,ACTIVE,80,0,0,0,0,0,0,0
02,120249718834510354,ACTIVE,80,0,0,0,0,0,0,0
02,120249718776930354,ACTIVE,80,0,0,0,0,0,0,0
02,120249718776890354,ACTIVE,80,0,0,0,0,0,0,0
02,120252801855730709,ACTIVE,80,0,0,0,0,0,0,0
02,120252801855800709,ACTIVE,80,0,0,0,0,0,0,0
02,120252802300650709,ACTIVE,80,0,0,0,0,0,0,0
02,120252802300820709,ACTIVE,80,0,0,0,0,0,0,0
